user_id,product_id,user_product_purchase_count
1,2,1
1,12,1
1,14,5
1,15,1
1,19,1
1,21,2
1,26,1
1,29,1
1,30,1
1,36,1
1,41,1
1,43,1
1,44,1
1,46,1
1,50,6
1,53,5
1,63,1
1,67,4
1,77,1
1,79,1
1,88,2
1,93,1
1,94,1
1,100,4
1,103,1
1,107,5
1,108,4
1,109,1
1,110,1
1,137,1
1,138,5
1,139,1
1,140,1
1,143,1
2,3,7
2,7,1
2,11,3
2,12,1
2,14,1
2,15,1
2,16,1
2,18,2
2,19,1
2,26,1
2,27,2
2,28,1
2,31,5
2,40,2
2,43,1
2,45,1
2,46,1
2,49,1
2,53,1
2,54,1
2,55,1
2,57,1
2,61,2
2,64,1
2,68,8
2,72,1
2,75,8
2,77,1
2,78,1
2,81,1
2,85,1
2,89,5
2,103,1
2,106,1
2,108,1
2,126,8
2,136,2
2,138,1
2,141,9
2,145,1
2,149,1
3,6,1
3,11,1
3,19,2
3,23,1
3,26,1
3,28,2
3,30,1
3,31,1
3,34,4
3,38,1
3,40,1
3,41,1
3,42,1
3,43,1
3,47,1
3,50,1
3,51,1
3,52,1
3,54,1
3,57,1
3,58,2
3,65,1
3,68,1
3,69,1
3,71,2
3,73,10
3,78,1
3,83,1
3,86,1
3,88,12
3,89,1
3,90,1
3,98,5
3,99,1
3,100,1
3,106,5
3,108,1
3,112,1
3,117,1
3,118,12
3,120,1
3,122,1
3,123,1
3,126,2
3,128,9
3,130,1
3,131,1
3,132,13
3,134,1
3,137,1
3,138,1
3,141,1
3,144,1
3,148,1
3,150,1
4,1,1
4,7,1
4,11,2
4,14,1
4,31,6
4,33,1
4,40,1
4,47,1
4,62,1
4,63,1
4,65,2
4,68,3
4,69,1
4,70,1
4,71,1
4,73,1
4,78,6
4,80,1
4,83,1
4,85,1
4,98,1
4,104,1
4,105,5
4,106,1
4,108,4
4,113,5
4,115,1
4,121,1
4,126,1
4,128,1
4,139,1
4,141,1
4,146,1
4,149,1
5,1,1
5,6,1
5,10,1
5,11,1
5,12,1
5,16,8
5,17,1
5,21,1
5,26,2
5,35,1
5,36,1
5,37,2
5,38,1
5,51,1
5,53,1
5,56,1
5,57,1
5,58,1
5,59,7
5,61,1
5,65,1
5,66,1
5,72,1
5,74,2
5,76,1
5,77,1
5,78,1
5,87,1
5,91,1
5,93,1
5,96,1
5,97,6
5,98,1
5,99,7
5,102,1
5,106,4
5,109,1
5,110,1
5,112,1
5,114,1
5,117,1
5,119,6
5,120,2
5,122,1
5,124,2
5,125,1
5,126,1
5,128,2
5,134,1
5,137,6
5,139,2
5,140,1
5,142,1
5,150,11
6,15,1
6,18,1
6,24,1
6,27,6
6,31,4
6,41,5
6,44,2
6,53,6
6,66,1
6,69,1
6,70,1
6,80,1
6,81,1
6,85,4
6,87,1
6,90,1
6,91,1
6,93,1
6,98,3
6,106,1
6,107,2
6,116,5
6,143,2
6,145,1
6,146,1
7,6,9
7,11,9
7,12,1
7,14,2
7,20,1
7,21,1
7,22,1
7,24,1
7,26,1
7,34,1
7,35,1
7,36,2
7,38,9
7,50,1
7,52,11
7,57,1
7,65,1
7,73,3
7,75,1
7,80,1
7,81,1
7,83,1
7,85,2
7,86,3
7,90,1
7,95,1
7,96,10
7,98,1
7,99,1
7,101,1
7,107,8
7,115,1
7,118,1
7,119,1
7,121,2
7,123,1
7,128,1
7,130,1
7,133,2
7,135,7
7,136,1
7,141,1
7,145,1
7,146,6
8,7,1
8,9,8
8,15,1
8,16,1
8,17,1
8,19,1
8,21,1
8,23,1
8,24,1
8,31,1
8,34,2
8,37,1
8,38,1
8,40,9
8,43,11
8,45,1
8,47,1
8,50,1
8,51,1
8,54,1
8,56,11
8,58,1
8,61,8
8,71,1
8,72,1
8,77,1
8,78,1
8,79,1
8,82,2
8,88,1
8,89,1
8,91,1
8,92,9
8,94,1
8,96,1
8,102,1
8,103,1
8,104,1
8,108,1
8,113,1
8,114,7
8,115,1
8,116,3
8,118,1
8,123,1
8,126,2
8,130,1
8,131,1
8,132,1
8,133,2
8,145,1
8,147,14
8,148,1
8,149,1
8,150,1
9,3,1
9,5,1
9,6,1
9,14,1
9,15,1
9,16,6
9,18,1
9,21,1
9,23,1
9,25,8
9,29,1
9,32,5
9,33,7
9,45,1
9,48,2
9,56,1
9,57,1
9,60,1
9,70,1
9,71,10
9,75,1
9,76,2
9,78,1
9,80,1
9,86,1
9,90,9
9,98,1
9,102,2
9,108,1
9,110,1
9,112,5
9,117,1
9,120,2
9,123,2
9,126,1
9,129,8
9,134,1
9,149,1
10,3,1
10,4,1
10,5,2
10,9,1
10,11,1
10,13,1
10,19,1
10,20,10
10,21,1
10,31,1
10,36,1
10,37,1
10,44,2
10,46,2
10,49,1
10,53,1
10,54,1
10,55,8
10,58,1
10,59,8
10,62,9
10,63,2
10,65,4
10,72,1
10,76,11
10,77,1
10,81,1
10,82,3
10,84,1
10,85,2
10,89,1
10,92,12
10,93,1
10,95,1
10,97,1
10,102,1
10,106,1
10,111,1
10,114,1
10,116,1
10,123,1
10,126,1
10,127,1
10,135,1
10,138,1
10,139,1
10,141,1
10,144,2
10,145,8
11,22,2
11,23,1
11,30,1
11,33,1
11,34,1
11,35,1
11,43,1
11,47,4
11,48,1
11,49,6
11,53,1
11,57,1
11,58,7
11,59,5
11,60,1
11,61,1
11,63,1
11,64,5
11,71,1
11,72,7
11,77,1
11,81,1
11,85,1
11,90,1
11,91,1
11,92,1
11,94,1
11,101,1
11,105,1
11,106,1
11,107,1
11,110,1
11,113,1
11,116,1
11,122,4
11,125,1
11,126,1
11,130,1
11,132,1
11,136,1
11,149,5
12,1,1
12,3,1
12,7,1
12,8,1
12,13,1
12,18,1
12,19,1
12,22,1
12,23,1
12,24,2
12,25,1
12,27,1
12,28,13
12,30,1
12,31,1
12,36,1
12,37,2
12,40,1
12,42,1
12,43,2
12,51,1
12,60,10
12,62,8
12,63,2
12,67,10
12,69,1
12,73,1
12,78,2
12,79,1
12,80,1
12,82,1
12,84,1
12,90,8
12,92,1
12,95,1
12,97,1
12,99,1
12,101,1
12,102,1
12,106,1
12,107,6
12,109,1
12,114,1
12,123,1
12,124,9
12,127,1
12,128,1
12,134,1
12,137,1
12,146,8
12,147,1
12,148,1
13,8,1
13,9,1
13,11,1
13,13,9
13,19,2
13,20,1
13,26,1
13,27,1
13,35,1
13,37,1
13,57,3
13,58,1
13,59,9
13,61,1
13,71,1
13,72,6
13,77,1
13,78,8
13,83,1
13,86,1
13,88,1
13,90,1
13,91,1
13,92,10
13,94,9
13,98,1
13,102,3
13,106,1
13,111,1
13,112,1
13,115,8
13,123,1
13,125,1
13,127,1
13,128,1
13,129,1
13,135,2
13,138,8
13,140,1
13,143,1
13,145,1
13,147,1
13,148,1
13,150,1
14,3,1
14,7,4
14,13,1
14,15,1
14,17,1
14,18,9
14,21,1
14,22,1
14,23,1
14,24,1
14,26,1
14,29,1
14,34,5
14,36,1
14,50,1
14,51,1
14,58,1
14,59,1
14,62,1
14,64,1
14,67,2
14,69,2
14,71,1
14,73,1
14,74,1
14,75,6
14,77,1
14,83,1
14,84,1
14,92,1
14,100,1
14,101,6
14,104,1
14,105,1
14,106,1
14,108,1
14,109,7
14,114,4
14,118,8
14,122,2
14,128,1
14,133,1
14,134,1
14,139,1
14,145,1
15,6,1
15,13,7
15,20,1
15,23,1
15,24,1
15,26,6
15,34,2
15,36,1
15,41,1
15,43,12
15,44,2
15,47,1
15,57,5
15,58,1
15,59,6
15,60,1
15,61,8
15,64,1
15,69,1
15,70,2
15,75,1
15,76,1
15,81,1
15,86,1
15,89,1
15,92,2
15,98,11
15,104,2
15,117,1
15,123,1
15,124,1
15,125,6
15,133,1
15,134,1
15,135,2
15,136,1
15,143,1
15,144,1
15,147,1
15,148,1
16,2,1
16,3,1
16,5,1
16,6,6
16,12,2
16,13,1
16,14,1
16,19,1
16,20,1
16,28,1
16,29,7
16,30,2
16,31,1
16,32,1
16,34,1
16,36,1
16,38,1
16,40,2
16,46,2
16,50,2
16,52,1
16,54,1
16,55,1
16,58,1
16,75,1
16,76,1
16,78,1
16,83,1
16,85,2
16,89,9
16,91,1
16,94,2
16,95,1
16,98,5
16,99,3
16,100,1
16,105,1
16,115,1
16,116,2
16,117,1
16,122,1
16,124,1
16,134,1
16,135,8
16,137,1
16,138,8
16,140,1
16,141,1
16,142,1
16,144,1
16,146,7
17,1,12
17,2,2
17,8,1
17,11,2
17,18,1
17,19,1
17,20,7
17,21,1
17,22,1
17,25,1
17,35,1
17,36,2
17,38,1
17,39,10
17,40,1
17,43,1
17,44,1
17,47,1
17,51,1
17,56,1
17,58,1
17,61,6
17,65,1
17,68,1
17,73,1
17,75,1
17,82,8
17,83,1
17,85,1
17,89,1
17,92,10
17,98,1
17,106,1
17,107,1
17,110,1
17,111,8
17,112,1
17,119,1
17,121,1
17,123,1
17,124,2
17,125,1
17,131,1
17,132,11
17,136,1
17,137,2
17,140,1
17,141,1
17,142,1
17,146,1
17,149,1
17,150,2
18,8,1
18,12,6
18,14,3
18,16,7
18,23,1
18,30,5
18,31,2
18,38,1
18,42,1
18,45,1
18,53,1
18,59,1
18,63,1
18,66,1
18,68,1
18,69,1
18,79,5
18,81,1
18,87,1
18,90,1
18,92,1
18,99,1
18,102,1
18,103,1
18,105,4
18,106,1
18,113,1
18,115,1
18,118,1
18,124,1
18,127,1
18,134,1
18,141,2
18,144,1
18,145,1
18,148,1
19,19,1
19,21,7
19,33,1
19,34,1
19,38,1
19,39,4
19,42,4
19,45,1
19,46,4
19,65,1
19,70,1
19,73,1
19,77,7
19,87,1
19,93,1
19,98,1
19,102,1
19,114,1
19,115,1
19,116,4
19,119,1
19,120,4
19,122,1
19,124,1
19,133,2
19,143,1
19,149,6
20,3,2
20,4,1
20,5,2
20,6,1
20,15,1
20,16,1
20,19,1
20,20,8
20,21,1
20,25,1
20,29,9
20,31,10
20,40,2
20,41,1
20,43,1
20,49,1
20,55,7
20,56,1
20,61,1
20,62,1
20,65,1
20,66,1
20,70,1
20,71,1
20,78,1
20,83,2
20,84,2
20,85,1
20,86,7
20,87,1
20,92,1
20,99,10
20,100,1
20,105,9
20,106,1
20,110,1
20,111,1
20,113,1
20,119,1
20,123,1
20,124,1
20,125,1
20,126,1
20,135,1
20,137,1
20,138,1
20,139,1
20,141,12
20,142,1
20,145,2
20,148,1
21,3,1
21,5,3
21,14,5
21,25,1
21,34,4
21,38,1
21,42,4
21,45,1
21,59,1
21,63,1
21,74,7
21,83,1
21,84,1
21,86,1
21,98,1
21,112,1
21,113,1
21,114,1
21,123,2
21,130,3
21,142,4
21,148,3
22,5,2
22,8,1
22,9,7
22,16,2
22,17,1
22,22,1
22,23,1
22,26,1
22,32,1
22,36,2
22,37,1
22,38,1
22,42,1
22,45,4
22,47,7
22,58,1
22,59,1
22,60,1
22,63,1
22,66,1
22,67,7
22,74,1
22,80,1
22,82,1
22,89,6
22,92,1
22,93,1
22,96,1
22,98,1
22,101,1
22,106,2
22,110,1
22,111,1
22,113,1
22,114,6
22,118,1
22,125,1
22,126,1
22,131,1
22,134,1
22,135,1
22,137,1
22,140,1
22,145,1
22,147,1
23,1,1
23,4,1
23,9,1
23,10,2
23,13,1
23,15,1
23,17,1
23,21,7
23,23,1
23,24,1
23,28,1
23,30,1
23,34,1
23,35,7
23,42,4
23,46,1
23,48,1
23,50,1
23,52,1
23,54,5
23,60,1
23,66,1
23,71,1
23,74,1
23,77,2
23,79,1
23,83,1
23,86,1
23,87,1
23,88,1
23,91,1
23,93,1
23,107,1
23,110,1
23,113,4
23,114,1
23,115,1
23,118,6
23,119,1
23,123,1
23,124,4
23,127,1
23,133,4
23,135,1
23,136,1
23,137,1
23,138,1
23,143,1
23,145,1
23,147,2
24,1,1
24,8,6
24,13,1
24,21,1
24,28,1
24,30,1
24,33,1
24,35,1
24,37,1
24,39,2
24,61,2
24,67,1
24,69,1
24,70,1
24,73,1
24,74,1
24,75,1
24,76,1
24,78,1
24,80,2
24,84,1
24,88,1
24,89,1
24,92,1
24,95,1
24,98,2
24,99,8
24,101,2
24,106,6
24,108,1
24,109,1
24,110,8
24,111,9
24,112,2
24,115,1
24,117,8
24,120,2
24,121,9
24,125,1
24,131,9
24,137,2
24,139,1
24,145,1
24,147,1
24,148,1
25,4,1
25,5,2
25,7,8
25,9,1
25,10,2
25,11,2
25,12,1
25,15,1
25,17,1
25,18,1
25,23,1
25,25,1
25,28,1
25,30,1
25,31,1
25,32,1
25,34,1
25,36,1
25,39,1
25,40,1
25,43,1
25,45,1
25,46,1
25,48,1
25,49,1
25,50,1
25,51,10
25,52,7
25,53,1
25,54,11
25,56,1
25,62,1
25,64,10
25,67,1
25,69,1
25,70,1
25,71,1
25,73,1
25,75,1
25,78,1
25,83,1
25,90,1
25,91,1
25,92,1
25,94,11
25,98,14
25,100,1
25,106,1
25,111,1
25,114,1
25,118,8
25,122,2
25,124,1
25,128,1
25,134,1
25,139,1
25,142,1
25,148,1
26,1,1
26,2,1
26,6,1
26,8,7
26,13,1
26,15,1
26,16,1
26,17,1
26,19,1
26,21,1
26,29,1
26,33,5
26,34,1
26,35,6
26,40,2
26,42,1
26,44,1
26,52,1
26,56,1
26,61,4
26,64,1
26,74,1
26,76,1
26,79,1
26,86,7
26,89,1
26,92,1
26,94,1
26,99,7
26,104,1
26,105,1
26,106,1
26,118,2
26,127,7
26,130,1
26,134,7
26,139,1
26,147,1
26,149,1
26,150,1
27,4,1
27,5,6
27,11,2
27,15,1
27,23,2
27,25,1
27,29,1
27,30,1
27,31,1
27,32,4
27,36,1
27,41,3
27,42,1
27,43,1
27,44,6
27,50,7
27,53,1
27,57,1
27,58,5
27,63,6
27,70,1
27,72,2
27,78,2
27,79,1
27,88,1
27,92,1
27,93,1
27,101,1
27,104,6
27,107,2
27,109,1
27,114,1
27,122,1
27,123,1
27,134,1
27,135,1
27,142,1
28,9,1
28,11,1
28,15,1
28,16,1
28,22,1
28,24,2
28,25,1
28,26,2
28,29,1
28,30,1
28,31,1
28,35,1
28,43,1
28,44,2
28,46,2
28,48,7
28,52,13
28,53,1
28,61,1
28,64,8
28,66,1
28,70,1
28,72,13
28,73,3
28,78,1
28,80,1
28,81,1
28,84,1
28,88,1
28,89,7
28,90,1
28,91,1
28,95,1
28,102,1
28,103,1
28,105,8
28,106,1
28,109,2
28,114,2
28,120,2
28,122,2
28,125,1
28,128,1
28,130,1
28,131,1
28,134,1
28,138,2
28,141,1
28,142,1
28,143,14
28,146,1
28,147,1
28,150,1
29,6,1
29,8,1
29,9,1
29,12,1
29,14,1
29,26,1
29,31,1
29,32,1
29,33,2
29,34,1
29,35,1
29,39,2
29,41,5
29,43,5
29,48,1
29,49,8
29,51,1
29,59,5
29,62,1
29,64,1
29,65,4
29,66,2
29,68,1
29,71,1
29,73,1
29,81,2
29,85,10
29,86,1
29,100,1
29,102,1
29,105,1
29,106,1
29,112,1
29,117,2
29,119,1
29,120,1
29,126,2
29,127,2
29,130,1
29,135,7
29,141,1
29,144,2
29,147,1
30,2,1
30,6,1
30,11,1
30,12,9
30,13,1
30,15,1
30,21,7
30,22,1
30,23,2
30,26,1
30,27,1
30,29,1
30,30,12
30,34,1
30,39,1
30,40,2
30,42,1
30,43,1
30,44,9
30,45,13
30,47,1
30,48,1
30,49,1
30,53,1
30,54,1
30,58,1
30,62,1
30,67,1
30,68,1
30,70,1
30,73,2
30,77,1
30,80,1
30,85,2
30,87,1
30,90,12
30,91,1
30,92,1
30,93,2
30,95,1
30,98,1
30,102,1
30,107,2
30,108,1
30,113,2
30,114,2
30,116,2
30,120,1
30,123,1
30,125,1
30,127,2
30,128,9
30,130,1
30,132,1
30,133,2
30,134,2
30,141,1
30,142,1
30,143,1
30,146,1
30,148,7
31,1,1
31,5,7
31,16,7
31,21,1
31,22,1
31,31,3
31,34,1
31,35,9
31,36,1
31,37,1
31,38,1
31,39,1
31,40,1
31,42,1
31,43,2
31,54,1
31,55,1
31,56,1
31,61,1
31,63,1
31,67,2
31,69,1
31,72,2
31,75,1
31,78,2
31,80,1
31,84,2
31,85,1
31,88,1
31,91,9
31,93,7
31,95,1
31,97,1
31,99,9
31,100,8
31,105,2
31,114,1
31,115,1
31,116,2
31,117,1
31,122,2
31,126,1
31,129,1
31,130,2
31,134,4
31,137,1
31,138,1
31,140,1
31,143,1
31,147,2
31,149,2
31,150,1
32,2,1
32,7,1
32,14,1
32,16,2
32,17,2
32,20,1
32,26,2
32,33,2
32,44,1
32,45,1
32,47,10
32,49,1
32,52,1
32,54,1
32,57,1
32,58,2
32,59,2
32,60,8
32,63,1
32,64,2
32,71,1
32,72,1
32,75,1
32,79,5
32,82,1
32,83,1
32,86,2
32,87,1
32,88,1
32,91,1
32,92,10
32,93,1
32,97,2
32,103,1
32,104,8
32,108,1
32,109,1
32,112,1
32,113,1
32,114,1
32,115,1
32,120,1
32,126,1
32,127,1
32,130,11
32,131,1
32,137,1
32,138,8
32,144,1
32,146,9
32,149,1
33,3,5
33,4,1
33,8,1
33,11,6
33,17,1
33,24,7
33,36,1
33,53,1
33,54,1
33,59,2
33,64,1
33,73,1
33,76,1
33,97,4
33,102,5
33,103,4
33,104,1
33,107,1
33,110,1
33,119,1
33,136,3
33,138,1
33,139,6
33,140,1
33,149,1
34,3,5
34,4,1
34,11,3
34,12,2
34,13,5
34,17,1
34,18,1
34,25,2
34,26,1
34,27,2
34,35,2
34,37,4
34,40,1
34,43,1
34,44,1
34,56,1
34,61,2
34,64,1
34,70,4
34,72,4
34,95,1
34,102,1
34,106,1
34,111,1
34,113,1
34,114,1
34,117,1
34,119,1
34,128,4
34,134,1
34,137,1
34,139,1
34,146,1
35,1,8
35,2,1
35,8,10
35,11,2
35,14,1
35,17,2
35,18,1
35,19,10
35,21,2
35,23,2
35,26,2
35,30,1
35,32,2
35,33,1
35,36,1
35,37,2
35,38,2
35,44,1
35,50,1
35,51,2
35,57,2
35,58,1
35,59,1
35,60,1
35,62,2
35,64,2
35,66,1
35,69,1
35,72,1
35,73,11
35,74,1
35,76,1
35,77,1
35,79,10
35,80,1
35,84,1
35,85,2
35,87,1
35,90,1
35,93,1
35,95,1
35,96,1
35,97,1
35,98,2
35,99,2
35,102,1
35,103,2
35,107,1
35,110,1
35,122,2
35,124,2
35,126,1
35,137,1
35,139,11
35,140,6
35,144,1
35,147,1
35,150,8
36,3,1
36,8,13
36,9,2
36,12,1
36,14,1
36,23,1
36,25,1
36,31,7
36,32,2
36,33,1
36,37,2
36,38,2
36,44,3
36,46,1
36,47,2
36,50,1
36,54,1
36,56,7
36,58,1
36,69,1
36,75,1
36,76,1
36,78,1
36,81,1
36,90,1
36,97,1
36,98,1
36,100,1
36,101,2
36,104,10
36,108,1
36,109,1
36,110,1
36,112,1
36,114,1
36,127,8
36,128,1
36,131,2
36,132,4
36,133,1
36,137,7
36,138,8
36,141,1
36,142,1
36,145,1
36,147,1
36,149,1
37,2,1
37,3,1
37,10,1
37,11,1
37,15,3
37,20,1
37,23,1
37,24,1
37,28,1
37,31,1
37,33,1
37,35,4
37,42,1
37,45,1
37,47,1
37,51,1
37,61,1
37,63,1
37,64,1
37,69,1
37,70,5
37,81,4
37,85,1
37,92,4
37,95,1
37,99,4
37,105,1
37,108,1
37,109,1
37,113,1
37,114,7
37,123,1
37,125,1
37,129,1
37,132,1
37,135,1
37,136,1
37,137,1
37,138,1
37,141,4
37,142,1
38,3,2
38,4,1
38,5,1
38,6,8
38,12,1
38,14,12
38,18,1
38,20,2
38,22,1
38,27,1
38,28,1
38,29,3
38,31,1
38,34,1
38,36,1
38,38,2
38,39,3
38,42,4
38,46,1
38,47,1
38,48,1
38,49,3
38,51,1
38,52,1
38,54,1
38,57,1
38,58,1
38,60,1
38,61,1
38,64,1
38,66,1
38,68,10
38,70,1
38,72,1
38,74,1
38,75,1
38,76,1
38,78,1
38,79,1
38,83,1
38,86,1
38,87,1
38,88,1
38,93,12
38,95,1
38,97,1
38,98,10
38,99,1
38,102,1
38,104,16
38,105,1
38,108,1
38,112,1
38,114,1
38,115,1
38,129,1
38,132,1
38,136,9
38,142,1
38,144,1
39,1,12
39,3,1
39,9,1
39,11,1
39,15,1
39,17,13
39,20,10
39,21,1
39,25,1
39,26,1
39,27,1
39,30,1
39,33,1
39,36,1
39,37,1
39,38,1
39,41,13
39,42,1
39,43,1
39,45,1
39,49,1
39,50,1
39,51,1
39,52,1
39,56,1
39,57,1
39,62,1
39,63,10
39,67,1
39,77,1
39,80,8
39,90,2
39,92,1
39,98,1
39,102,2
39,103,1
39,106,1
39,109,12
39,111,1
39,114,1
39,117,1
39,119,1
39,120,1
39,122,1
39,124,1
39,125,1
39,128,2
39,129,3
39,130,1
39,143,7
39,144,1
39,146,1
39,148,1
39,149,1
40,1,8
40,2,1
40,8,1
40,9,1
40,14,1
40,21,6
40,27,2
40,28,1
40,29,1
40,32,1
40,36,1
40,41,1
40,42,1
40,45,1
40,51,1
40,53,1
40,54,1
40,59,12
40,65,2
40,67,1
40,71,1
40,76,7
40,82,2
40,85,1
40,90,1
40,92,1
40,96,1
40,97,1
40,106,1
40,107,2
40,109,1
40,110,1
40,112,1
40,124,1
40,125,7
40,127,4
40,133,1
40,136,9
40,137,7
40,140,1
40,144,1
40,146,1
40,148,1
40,149,1
41,9,6
41,12,1
41,22,2
41,25,1
41,28,1
41,29,1
41,37,1
41,38,1
41,40,4
41,49,1
41,53,6
41,56,6
41,57,1
41,62,1
41,64,4
41,67,1
41,69,2
41,79,5
41,80,1
41,83,1
41,89,1
41,98,1
41,106,1
41,109,1
41,120,1
41,122,1
41,124,1
41,130,5
41,132,1
41,148,1
41,150,1
42,1,1
42,2,1
42,3,1
42,4,1
42,16,11
42,18,1
42,22,1
42,25,12
42,26,1
42,32,3
42,36,1
42,37,2
42,40,11
42,41,9
42,44,1
42,45,1
42,51,1
42,52,2
42,53,8
42,61,2
42,65,1
42,66,1
42,71,1
42,78,4
42,91,2
42,99,1
42,101,2
42,108,2
42,112,7
42,116,1
42,118,1
42,120,2
42,121,1
42,124,1
42,127,1
42,129,2
42,130,1
42,133,1
42,134,1
42,135,2
42,136,10
42,140,6
42,143,1
42,144,1
42,145,2
42,148,1
42,149,1
43,4,1
43,5,6
43,6,4
43,7,5
43,10,1
43,16,1
43,18,1
43,21,1
43,25,1
43,45,5
43,50,1
43,59,1
43,61,1
43,64,1
43,65,1
43,77,1
43,88,1
43,93,1
43,98,1
43,101,2
43,109,3
43,111,1
43,117,5
43,129,1
43,134,5
43,141,1
43,144,1
43,145,1
43,146,1
44,4,1
44,15,1
44,20,1
44,24,1
44,32,5
44,40,1
44,50,4
44,68,1
44,70,3
44,71,1
44,72,1
44,76,1
44,87,6
44,93,1
44,104,7
44,115,3
44,117,1
44,125,1
44,134,1
44,137,1
44,142,2
45,4,1
45,5,8
45,7,2
45,11,1
45,12,5
45,13,1
45,19,1
45,25,1
45,30,1
45,31,1
45,33,1
45,35,1
45,36,1
45,37,1
45,39,1
45,42,5
45,46,8
45,58,1
45,59,1
45,61,1
45,62,1
45,63,1
45,67,1
45,69,4
45,74,1
45,76,1
45,85,1
45,89,1
45,91,2
45,93,1
45,96,1
45,105,2
45,107,1
45,110,8
45,112,1
45,113,1
45,114,1
45,115,1
45,117,1
45,121,1
45,124,1
45,125,5
45,131,2
45,134,1
45,135,4
45,136,1
46,6,1
46,10,3
46,12,1
46,16,5
46,23,1
46,24,1
46,28,1
46,31,1
46,33,1
46,35,5
46,44,7
46,45,5
46,55,1
46,57,2
46,59,1
46,60,1
46,61,7
46,63,1
46,68,1
46,69,1
46,72,2
46,74,1
46,81,1
46,84,1
46,85,2
46,86,1
46,87,1
46,89,1
46,91,1
46,99,4
46,118,6
46,125,1
46,126,1
46,128,1
46,129,3
46,133,1
46,134,1
46,135,1
46,138,1
46,139,1
46,142,1
46,147,1
46,150,1
47,2,1
47,8,8
47,22,8
47,24,10
47,28,1
47,31,1
47,34,1
47,35,1
47,37,1
47,46,1
47,49,1
47,50,1
47,55,1
47,56,1
47,69,1
47,70,1
47,72,2
47,89,1
47,96,2
47,97,1
47,101,8
47,109,1
47,110,4
47,112,1
47,122,2
47,130,5
47,136,5
47,137,9
47,140,1
47,144,2
47,148,1
48,5,1
48,9,1
48,22,1
48,24,3
48,34,1
48,40,4
48,44,1
48,46,1
48,50,1
48,56,1
48,66,5
48,76,5
48,94,1
48,100,2
48,103,2
48,109,3
48,114,2
48,117,1
48,118,1
48,121,1
48,123,1
48,129,1
48,130,1
48,140,1
48,147,1
49,3,1
49,4,1
49,7,1
49,21,1
49,24,7
49,25,10
49,26,1
49,28,1
49,29,2
49,30,1
49,35,1
49,37,1
49,38,6
49,42,5
49,44,1
49,48,1
49,52,1
49,56,6
49,59,1
49,67,1
49,70,7
49,74,1
49,77,1
49,78,1
49,80,1
49,95,1
49,102,1
49,103,1
49,104,1
49,109,2
49,112,1
49,116,1
49,118,2
49,121,1
49,122,7
49,124,1
49,130,1
49,135,1
49,136,6
49,137,2
49,148,1
49,150,1
50,4,1
50,13,1
50,14,5
50,19,1
50,21,1
50,22,1
50,26,1
50,27,4
50,33,6
50,34,2
50,39,1
50,41,1
50,43,1
50,45,1
50,46,6
50,47,1
50,50,1
50,53,5
50,63,2
50,66,1
50,72,5
50,73,1
50,82,1
50,84,1
50,85,1
50,95,1
50,97,1
50,105,1
50,106,1
50,112,1
50,118,1
50,120,6
50,121,1
50,125,10
50,129,1
50,135,1
50,139,1
50,141,1
50,144,1
50,147,1
51,2,1
51,4,1
51,8,1
51,11,1
51,12,1
51,15,1
51,16,6
51,17,2
51,18,1
51,19,8
51,22,6
51,25,1
51,27,1
51,28,1
51,29,3
51,31,1
51,33,1
51,34,1
51,36,1
51,38,1
51,39,1
51,40,2
51,41,1
51,47,1
51,50,1
51,52,1
51,54,1
51,55,1
51,58,12
51,63,1
51,65,7
51,66,1
51,67,1
51,69,1
51,71,2
51,77,1
51,78,1
51,81,9
51,85,12
51,92,1
51,93,1
51,94,1
51,100,1
51,104,1
51,107,1
51,114,2
51,121,13
51,123,1
51,124,1
51,125,2
51,127,1
51,129,1
51,130,1
51,131,1
51,135,2
51,138,1
51,146,1
51,149,1
52,4,1
52,5,1
52,8,1
52,12,1
52,14,7
52,16,1
52,19,1
52,20,1
52,22,1
52,25,1
52,26,1
52,27,1
52,30,12
52,34,1
52,37,1
52,39,1
52,40,9
52,45,9
52,47,1
52,48,2
52,49,1
52,51,1
52,52,1
52,56,1
52,59,1
52,60,1
52,61,1
52,66,1
52,67,6
52,68,2
52,71,1
52,76,1
52,77,1
52,82,1
52,83,1
52,84,1
52,85,7
52,87,1
52,88,1
52,92,11
52,99,1
52,100,1
52,103,1
52,104,1
52,111,1
52,112,1
52,117,2
52,120,1
52,126,1
52,130,8
52,132,2
52,133,1
52,134,1
52,136,1
52,138,1
52,139,1
52,140,1
52,148,2
52,150,1
53,2,4
53,3,1
53,7,1
53,10,10
53,11,2
53,18,1
53,22,2
53,23,1
53,27,1
53,31,1
53,38,1
53,39,1
53,41,1
53,42,1
53,45,1
53,48,1
53,51,1
53,54,11
53,57,1
53,58,2
53,59,1
53,62,1
53,63,1
53,65,2
53,66,8
53,68,1
53,72,1
53,77,1
53,80,1
53,81,1
53,83,1
53,85,1
53,89,1
53,90,1
53,91,1
53,93,1
53,94,1
53,98,7
53,100,1
53,104,1
53,108,1
53,111,2
53,113,8
53,117,2
53,120,1
53,125,1
53,126,10
53,130,1
53,134,1
53,135,1
53,137,1
53,138,1
53,139,1
53,142,12
53,145,1
53,147,1
53,149,1
54,2,5
54,8,1
54,14,1
54,16,1
54,17,1
54,19,6
54,21,1
54,25,2
54,28,1
54,30,1
54,31,1
54,36,1
54,38,1
54,40,1
54,45,1
54,46,5
54,47,1
54,64,1
54,70,4
54,73,4
54,80,1
54,87,1
54,92,1
54,98,1
54,109,1
54,119,3
54,123,1
54,126,1
54,127,1
54,128,2
54,133,1
54,136,1
54,141,1
54,148,4
55,2,1
55,14,2
55,15,1
55,17,1
55,18,1
55,24,1
55,25,1
55,26,2
55,35,2
55,37,1
55,38,1
55,39,1
55,41,10
55,42,1
55,44,1
55,48,1
55,49,10
55,50,13
55,51,1
55,52,2
55,53,1
55,60,1
55,64,1
55,65,2
55,67,1
55,74,1
55,79,2
55,81,8
55,82,2
55,83,2
55,85,1
55,88,1
55,90,8
55,92,1
55,93,2
55,94,8
55,96,1
55,99,1
55,100,2
55,102,2
55,103,2
55,109,1
55,110,1
55,112,1
55,113,12
55,115,1
55,119,1
55,122,1
55,125,2
55,129,1
55,130,1
55,133,1
55,136,1
55,137,1
55,139,1
55,141,1
55,143,1
55,145,1
55,146,7
55,147,1
55,148,1
55,150,1
56,4,7
56,5,1
56,6,1
56,15,1
56,17,1
56,19,1
56,20,2
56,22,1
56,28,2
56,36,1
56,39,1
56,48,1
56,50,1
56,56,1
56,59,1
56,60,3
56,65,7
56,67,1
56,68,1
56,75,1
56,83,1
56,85,1
56,86,1
56,88,1
56,94,1
56,95,1
56,98,2
56,99,1
56,101,1
56,105,5
56,107,1
56,111,2
56,118,1
56,124,7
56,126,1
56,127,1
56,130,6
56,131,8
56,139,7
56,146,1
57,15,1
57,16,1
57,27,6
57,28,1
57,31,1
57,33,2
57,34,2
57,36,10
57,38,1
57,43,4
57,53,1
57,54,1
57,55,1
57,59,1
57,61,1
57,66,1
57,67,1
57,71,1
57,73,1
57,78,1
57,81,2
57,82,7
57,83,1
57,86,1
57,87,2
57,94,1
57,101,1
57,102,2
57,110,9
57,117,1
57,121,8
57,122,7
57,124,1
57,125,1
57,127,1
57,131,1
57,132,1
57,133,5
57,135,1
57,138,1
57,141,1
57,143,1
57,147,1
58,1,1
58,3,1
58,8,3
58,9,1
58,11,1
58,12,1
58,13,2
58,23,1
58,26,1
58,28,1
58,38,2
58,40,9
58,41,1
58,43,2
58,49,2
58,62,1
58,64,1
58,70,1
58,72,1
58,76,6
58,77,1
58,78,2
58,80,4
58,86,2
58,88,1
58,90,1
58,96,2
58,98,6
58,99,1
58,101,1
58,102,1
58,105,1
58,112,1
58,114,1
58,120,1
58,122,8
58,123,1
58,125,8
58,126,1
58,127,12
58,129,1
58,130,1
58,138,1
58,139,7
58,140,1
58,147,1
58,149,1
59,8,1
59,11,2
59,19,11
59,20,13
59,24,1
59,28,1
59,30,1
59,33,1
59,35,7
59,36,2
59,38,2
59,39,1
59,41,1
59,46,1
59,48,1
59,49,2
59,53,1
59,54,5
59,57,1
59,65,1
59,66,1
59,68,8
59,71,1
59,74,1
59,75,1
59,76,2
59,83,1
59,84,1
59,88,1
59,91,1
59,93,1
59,95,1
59,96,8
59,98,9
59,101,1
59,105,2
59,106,1
59,109,1
59,111,2
59,114,1
59,117,1
59,118,1
59,121,1
59,123,1
59,126,1
59,128,1
59,142,1
59,144,1
59,145,12
59,147,1
60,6,1
60,10,1
60,15,1
60,20,1
60,23,1
60,26,2
60,27,9
60,29,15
60,30,1
60,31,1
60,41,11
60,43,3
60,46,1
60,48,1
60,50,1
60,53,1
60,54,1
60,57,1
60,60,1
60,62,1
60,63,2
60,64,12
60,66,1
60,67,2
60,69,1
60,72,1
60,73,8
60,74,9
60,78,1
60,84,1
60,86,1
60,88,1
60,95,1
60,96,1
60,97,2
60,98,1
60,102,1
60,104,6
60,106,1
60,111,2
60,113,9
60,118,1
60,120,1
60,126,1
60,127,1
60,129,1
60,130,2
60,132,1
60,133,1
60,134,1
60,135,1
60,141,2
60,143,1
60,145,1
60,147,1
60,150,1
61,1,1
61,3,1
61,9,7
61,10,2
61,12,4
61,16,6
61,22,1
61,23,1
61,39,1
61,41,7
61,43,4
61,47,1
61,48,1
61,50,1
61,54,2
61,55,6
61,58,1
61,71,1
61,73,7
61,80,1
61,88,1
61,92,8
61,96,1
61,101,1
61,107,1
61,109,1
61,112,1
61,116,1
61,122,1
61,126,1
61,129,1
61,132,1
61,135,1
61,146,1
61,147,1
61,149,2
62,1,1
62,5,1
62,6,1
62,14,1
62,17,1
62,18,1
62,20,1
62,22,1
62,23,5
62,30,1
62,32,1
62,33,1
62,42,1
62,59,1
62,61,3
62,64,3
62,66,1
62,72,1
62,79,1
62,81,1
62,82,1
62,87,1
62,92,1
62,93,3
62,96,1
62,100,1
62,107,1
62,111,1
62,124,1
62,127,1
62,131,2
62,140,1
62,141,1
62,143,4
62,148,4
63,1,2
63,2,2
63,4,1
63,5,1
63,8,6
63,11,2
63,15,1
63,19,1
63,21,1
63,26,1
63,27,1
63,32,1
63,35,1
63,36,1
63,37,1
63,38,1
63,56,1
63,57,1
63,60,1
63,64,1
63,65,1
63,66,1
63,70,11
63,71,2
63,74,1
63,84,2
63,86,1
63,94,7
63,95,4
63,97,1
63,98,1
63,99,8
63,100,2
63,104,2
63,106,1
63,108,1
63,113,10
63,128,1
63,133,1
63,135,1
63,136,2
63,137,10
63,140,1
63,141,1
63,145,1
63,148,3
63,150,7
64,1,8
64,2,1
64,5,1
64,6,1
64,7,3
64,8,1
64,9,1
64,10,9
64,14,1
64,23,1
64,24,1
64,33,2
64,35,1
64,37,1
64,41,1
64,42,8
64,43,1
64,46,2
64,49,1
64,53,1
64,57,1
64,59,1
64,61,8
64,62,1
64,64,9
64,72,1
64,75,1
64,76,1
64,85,1
64,87,1
64,91,1
64,101,1
64,103,1
64,108,12
64,109,1
64,111,1
64,116,6
64,118,1
64,126,1
64,134,1
64,135,1
64,137,1
64,138,1
64,143,1
64,147,1
64,148,1
64,149,7
64,150,1
65,4,8
65,8,1
65,10,6
65,11,2
65,20,1
65,24,1
65,25,1
65,28,1
65,35,1
65,46,6
65,51,5
65,52,5
65,55,1
65,63,1
65,71,1
65,75,2
65,76,1
65,86,1
65,88,1
65,90,5
65,91,1
65,94,3
65,95,1
65,96,1
65,121,1
65,130,2
65,132,1
65,135,7
65,136,1
65,148,1
66,1,4
66,3,5
66,5,1
66,11,1
66,13,1
66,15,1
66,23,1
66,32,1
66,33,4
66,37,5
66,49,1
66,50,1
66,69,4
66,74,1
66,75,1
66,76,1
66,87,1
66,88,1
66,104,1
66,108,1
66,111,1
66,116,1
66,117,1
66,125,1
66,134,3
66,135,1
66,136,1
66,139,3
66,141,1
66,144,2
66,147,2
66,150,1
67,4,1
67,5,8
67,6,1
67,8,2
67,10,12
67,13,1
67,18,1
67,23,1
67,25,1
67,26,1
67,27,1
67,31,1
67,36,1
67,37,1
67,38,1
67,43,2
67,44,11
67,45,1
67,46,1
67,59,1
67,60,1
67,61,1
67,68,1
67,70,2
67,72,1
67,73,1
67,76,6
67,77,6
67,78,7
67,80,1
67,81,1
67,82,1
67,83,2
67,86,1
67,88,1
67,89,1
67,94,1
67,98,1
67,100,1
67,102,1
67,103,1
67,106,1
67,113,1
67,114,9
67,119,1
67,122,9
67,126,3
67,128,2
67,134,2
67,136,1
67,138,1
67,139,1
67,140,1
67,145,2
68,2,2
68,5,1
68,7,1
68,9,1
68,10,1
68,11,2
68,15,8
68,17,1
68,23,2
68,26,1
68,28,1
68,31,8
68,32,1
68,33,1
68,34,1
68,35,4
68,39,1
68,50,1
68,54,12
68,57,2
68,58,1
68,59,1
68,60,1
68,61,1
68,65,1
68,69,1
68,74,2
68,75,1
68,76,10
68,77,1
68,82,2
68,87,1
68,88,2
68,93,1
68,94,1
68,99,1
68,100,10
68,101,1
68,108,1
68,109,2
68,110,2
68,113,11
68,119,1
68,121,7
68,124,2
68,126,1
68,130,1
68,132,1
68,135,2
68,137,1
68,139,1
68,143,1
68,144,1
68,146,1
68,148,2
68,150,1
69,1,1
69,2,1
69,3,1
69,8,1
69,11,2
69,12,7
69,17,1
69,24,9
69,26,1
69,27,1
69,28,8
69,30,1
69,31,1
69,33,1
69,34,1
69,36,1
69,43,8
69,44,1
69,45,1
69,46,1
69,49,1
69,50,1
69,51,1
69,55,3
69,61,1
69,67,9
69,68,1
69,74,1
69,78,1
69,84,1
69,90,1
69,92,1
69,93,1
69,94,1
69,96,1
69,104,1
69,108,12
69,110,1
69,117,1
69,120,1
69,123,6
69,126,1
69,127,9
69,128,2
69,131,1
69,136,1
69,139,1
69,142,1
69,146,1
69,147,1
69,148,3
69,150,3
70,2,15
70,7,1
70,8,1
70,16,1
70,18,1
70,21,1
70,28,1
70,29,1
70,30,1
70,31,1
70,36,1
70,39,1
70,40,1
70,41,2
70,47,1
70,51,1
70,55,10
70,58,1
70,59,1
70,62,13
70,64,12
70,67,2
70,68,1
70,69,1
70,70,2
70,73,5
70,74,1
70,77,1
70,86,1
70,95,1
70,97,1
70,98,1
70,102,10
70,103,1
70,104,1
70,106,1
70,107,1
70,108,1
70,109,3
70,110,1
70,112,2
70,115,1
70,116,1
70,122,1
70,128,1
70,131,2
70,132,1
70,136,1
70,138,1
70,139,14
70,141,1
70,142,1
70,143,10
70,145,2
71,1,1
71,12,7
71,13,1
71,16,1
71,18,1
71,28,1
71,29,1
71,38,1
71,47,1
71,50,1
71,53,3
71,56,5
71,63,6
71,64,1
71,65,1
71,68,2
71,71,2
71,77,1
71,78,5
71,83,1
71,84,1
71,97,1
71,102,1
71,105,1
71,110,1
71,111,1
71,112,6
71,119,1
71,127,1
71,133,5
71,138,1
71,143,1
71,144,4
71,149,1
72,1,2
72,2,1
72,4,2
72,5,2
72,11,8
72,13,1
72,14,1
72,16,1
72,18,2
72,19,1
72,20,1
72,21,6
72,22,2
72,24,1
72,26,1
72,27,1
72,28,7
72,32,1
72,33,1
72,34,1
72,41,1
72,43,3
72,45,2
72,49,1
72,54,1
72,57,16
72,58,2
72,60,1
72,63,1
72,65,1
72,70,1
72,71,1
72,72,2
72,75,1
72,77,1
72,81,1
72,89,2
72,91,1
72,93,1
72,95,1
72,98,2
72,99,1
72,100,1
72,106,13
72,108,8
72,109,1
72,113,7
72,116,1
72,121,1
72,122,2
72,123,1
72,124,1
72,132,1
72,134,10
72,136,1
72,137,1
72,138,2
72,139,1
72,141,1
72,142,1
72,143,2
72,146,1
73,2,5
73,5,1
73,12,1
73,13,1
73,16,1
73,19,1
73,23,2
73,25,1
73,28,1
73,31,1
73,36,1
73,37,1
73,41,1
73,52,1
73,57,1
73,59,2
73,61,7
73,62,1
73,65,1
73,72,1
73,88,1
73,89,10
73,93,1
73,94,8
73,96,1
73,102,11
73,106,2
73,112,1
73,113,1
73,119,2
73,129,1
73,131,9
73,132,1
73,134,1
73,136,1
73,138,1
73,139,1
73,140,1
73,142,1
73,144,6
73,145,1
73,146,1
73,147,1
73,148,8
74,1,1
74,2,2
74,3,1
74,4,1
74,5,1
74,7,1
74,13,1
74,17,1
74,19,1
74,21,1
74,22,1
74,25,1
74,26,1
74,27,1
74,33,2
74,34,1
74,35,1
74,36,8
74,37,1
74,39,4
74,41,9
74,44,1
74,45,1
74,48,2
74,56,1
74,58,1
74,60,1
74,64,8
74,67,1
74,69,7
74,79,2
74,80,1
74,81,1
74,84,1
74,87,1
74,88,7
74,89,1
74,91,1
74,92,1
74,94,2
74,102,1
74,110,1
74,114,1
74,117,1
74,123,1
74,129,1
74,130,5
74,137,12
74,145,1
74,146,2
74,147,1
75,4,1
75,6,10
75,9,1
75,11,1
75,15,1
75,17,2
75,19,1
75,22,2
75,23,1
75,25,1
75,26,1
75,27,1
75,31,1
75,33,1
75,34,1
75,38,3
75,39,1
75,40,1
75,41,1
75,42,1
75,48,1
75,49,1
75,51,1
75,54,10
75,58,1
75,62,1
75,66,1
75,69,1
75,71,8
75,73,1
75,77,7
75,81,1
75,86,1
75,88,1
75,93,1
75,96,9
75,97,1
75,98,1
75,100,1
75,101,1
75,103,1
75,105,11
75,107,1
75,108,1
75,112,1
75,113,1
75,121,1
75,122,6
75,123,1
75,128,1
75,131,1
75,132,1
75,135,1
75,136,1
75,145,1
75,146,1
76,7,1
76,9,1
76,12,3
76,13,4
76,17,2
76,21,1
76,28,9
76,29,4
76,30,1
76,31,5
76,37,1
76,38,2
76,41,1
76,45,1
76,46,1
76,47,1
76,48,1
76,49,1
76,52,1
76,55,2
76,56,5
76,57,1
76,70,3
76,76,5
76,89,1
76,91,1
76,92,1
76,96,1
76,106,1
76,113,1
76,115,1
76,116,1
76,118,1
76,119,1
76,125,1
76,127,2
76,136,1
76,142,1
76,143,8
76,150,1
77,8,1
77,9,1
77,12,2
77,16,1
77,18,1
77,19,2
77,23,1
77,24,7
77,30,1
77,33,1
77,34,1
77,36,1
77,37,10
77,40,1
77,44,10
77,47,1
77,48,1
77,54,1
77,56,2
77,58,1
77,59,1
77,63,3
77,67,1
77,68,1
77,70,2
77,73,1
77,74,10
77,75,11
77,79,1
77,80,1
77,81,1
77,98,1
77,99,1
77,101,1
77,102,1
77,104,2
77,106,1
77,119,1
77,120,12
77,121,1
77,122,1
77,123,2
77,125,1
77,128,1
77,132,10
77,134,1
77,135,1
77,136,1
77,137,2
77,140,1
77,144,2
77,145,3
77,147,2
77,148,11
77,149,1
78,3,1
78,9,1
78,13,1
78,17,1
78,19,1
78,21,1
78,26,1
78,30,5
78,31,1
78,34,1
78,37,1
78,41,1
78,42,1
78,45,1
78,46,1
78,56,1
78,58,1
78,60,7
78,66,1
78,67,1
78,68,10
78,73,6
78,77,8
78,78,1
78,81,1
78,86,1
78,87,1
78,88,1
78,89,1
78,92,1
78,94,1
78,96,9
78,107,6
78,110,1
78,121,1
78,122,1
78,125,4
78,127,1
78,140,1
78,141,1
78,143,9
78,149,1
78,150,1
79,1,2
79,2,5
79,6,2
79,11,1
79,16,2
79,17,1
79,27,1
79,29,3
79,31,1
79,35,1
79,40,1
79,41,1
79,44,2
79,45,2
79,46,2
79,47,1
79,50,1
79,51,1
79,53,2
79,56,11
79,58,2
79,63,1
79,67,1
79,72,1
79,73,1
79,76,1
79,77,1
79,90,1
79,96,1
79,97,1
79,99,1
79,101,11
79,103,1
79,104,6
79,107,1
79,109,1
79,112,1
79,115,1
79,117,10
79,121,9
79,129,1
79,131,9
79,132,1
79,137,6
79,138,1
79,139,2
79,142,1
79,146,1
80,1,1
80,3,2
80,4,1
80,5,2
80,9,10
80,10,10
80,11,1
80,12,1
80,13,1
80,15,1
80,18,1
80,28,8
80,29,1
80,31,1
80,35,1
80,36,1
80,39,1
80,44,9
80,46,2
80,50,1
80,57,7
80,61,1
80,65,1
80,67,11
80,69,1
80,76,2
80,78,10
80,84,2
80,85,1
80,91,1
80,92,1
80,97,1
80,100,1
80,104,1
80,105,1
80,109,1
80,112,2
80,119,1
80,120,1
80,121,1
80,122,1
80,130,1
80,132,1
80,136,1
80,137,11
80,138,1
80,139,1
80,143,1
80,147,2
81,13,6
81,14,1
81,19,1
81,27,1
81,29,1
81,33,1
81,44,1
81,47,1
81,53,1
81,54,1
81,55,4
81,58,2
81,62,1
81,67,5
81,69,1
81,70,2
81,75,1
81,77,2
81,83,4
81,88,1
81,94,4
81,105,4
81,111,1
81,112,1
81,116,1
81,118,1
81,126,1
81,128,2
81,132,3
81,134,1
81,136,1
81,143,1
82,4,1
82,6,1
82,9,2
82,10,1
82,11,9
82,12,7
82,20,1
82,21,2
82,25,8
82,26,1
82,28,1
82,29,1
82,32,2
82,37,1
82,43,1
82,48,1
82,53,1
82,55,1
82,57,10
82,60,1
82,70,2
82,80,1
82,82,1
82,85,1
82,86,1
82,90,2
82,92,2
82,96,1
82,97,2
82,118,10
82,119,2
82,122,1
82,126,10
82,131,2
82,132,7
82,136,1
82,138,1
82,144,1
82,145,11
82,147,1
82,148,2
83,1,1
83,4,1
83,7,1
83,9,1
83,18,1
83,22,1
83,23,1
83,25,7
83,29,2
83,33,15
83,35,12
83,36,1
83,37,1
83,38,1
83,44,2
83,52,1
83,54,1
83,55,1
83,56,2
83,59,1
83,62,6
83,63,1
83,64,1
83,66,1
83,74,1
83,77,1
83,78,6
83,85,1
83,91,1
83,92,11
83,97,1
83,100,1
83,101,10
83,104,1
83,108,1
83,111,1
83,115,1
83,117,1
83,121,1
83,129,1
83,130,1
83,132,2
83,138,1
83,139,1
83,141,1
83,142,10
83,148,1
83,149,1
83,150,1
84,5,1
84,9,6
84,26,1
84,28,1
84,33,1
84,34,1
84,37,1
84,46,1
84,47,1
84,50,1
84,55,2
84,57,1
84,58,4
84,67,1
84,75,4
84,76,1
84,77,1
84,78,2
84,79,1
84,80,1
84,84,1
84,92,1
84,96,1
84,100,1
84,101,1
84,103,1
84,105,1
84,114,1
84,120,1
84,130,4
84,142,1
84,144,1
84,146,3
84,149,1
85,2,1
85,3,1
85,6,1
85,11,1
85,12,2
85,14,1
85,20,1
85,23,1
85,26,1
85,29,2
85,32,1
85,33,9
85,36,10
85,37,1
85,38,1
85,40,1
85,41,1
85,48,2
85,52,1
85,53,8
85,62,1
85,63,1
85,67,1
85,71,1
85,73,1
85,74,1
85,75,1
85,76,1
85,78,1
85,79,1
85,81,1
85,85,1
85,88,1
85,91,1
85,92,2
85,95,1
85,97,1
85,98,1
85,99,2
85,108,1
85,109,1
85,110,7
85,111,1
85,120,7
85,127,1
85,129,1
85,130,1
85,133,8
85,136,1
85,138,1
85,140,1
85,141,1
85,143,1
85,144,1
85,145,9
85,148,10
86,3,1
86,4,1
86,5,1
86,16,1
86,19,8
86,20,8
86,21,1
86,29,6
86,34,1
86,36,10
86,37,1
86,53,1
86,54,1
86,57,1
86,58,1
86,60,1
86,61,1
86,69,1
86,75,1
86,76,1
86,78,1
86,81,1
86,84,2
86,85,6
86,93,10
86,95,1
86,96,1
86,99,1
86,103,1
86,104,2
86,111,1
86,112,1
86,113,1
86,116,3
86,118,1
86,119,2
86,122,2
86,123,1
86,124,1
86,126,2
86,127,1
86,128,1
86,133,1
86,134,7
86,135,1
86,137,13
86,141,1
86,143,1
86,146,1
86,149,1
87,4,1
87,5,1
87,6,1
87,14,1
87,15,1
87,17,1
87,23,1
87,24,7
87,26,1
87,27,1
87,29,1
87,31,1
87,37,1
87,39,9
87,43,13
87,44,2
87,46,8
87,51,1
87,54,1
87,56,5
87,58,1
87,61,1
87,63,2
87,66,1
87,67,1
87,68,10
87,70,1
87,71,2
87,72,1
87,73,1
87,75,1
87,76,1
87,77,1
87,81,1
87,83,2
87,85,6
87,88,1
87,90,1
87,91,1
87,93,1
87,96,1
87,101,1
87,103,1
87,104,1
87,107,1
87,110,1
87,123,1
87,131,1
87,136,1
87,137,1
87,141,4
87,143,1
87,145,1
87,149,1
88,1,1
88,5,1
88,6,1
88,9,2
88,13,1
88,15,1
88,20,1
88,24,1
88,26,1
88,27,8
88,30,1
88,31,1
88,34,1
88,37,1
88,43,7
88,58,1
88,61,1
88,66,6
88,69,2
88,72,1
88,75,1
88,76,9
88,77,1
88,78,1
88,82,8
88,83,1
88,84,6
88,90,1
88,95,1
88,100,2
88,101,1
88,103,1
88,104,1
88,108,1
88,110,1
88,116,1
88,117,10
88,121,1
88,122,1
88,124,1
88,127,1
88,128,9
88,129,2
88,144,1
88,145,1
88,147,2
89,2,1
89,5,10
89,14,6
89,20,2
89,21,1
89,23,2
89,29,1
89,30,2
89,37,1
89,38,5
89,44,1
89,48,1
89,53,1
89,60,1
89,61,1
89,63,1
89,70,2
89,72,6
89,73,3
89,78,1
89,99,1
89,103,1
89,107,6
89,108,2
89,114,1
89,117,1
89,118,1
89,120,1
89,126,1
89,131,2
89,135,1
89,138,3
89,142,3
89,150,3
90,1,1
90,2,1
90,16,1
90,18,1
90,21,1
90,22,1
90,27,1
90,33,1
90,37,1
90,38,2
90,45,1
90,49,1
90,56,5
90,59,1
90,63,2
90,64,2
90,66,1
90,67,1
90,68,6
90,70,1
90,72,1
90,73,1
90,79,2
90,81,1
90,82,1
90,89,7
90,95,1
90,96,1
90,99,7
90,103,1
90,109,10
90,110,1
90,115,8
90,116,1
90,118,1
90,120,1
90,123,9
90,124,1
90,131,1
90,136,1
90,142,4
90,145,1
91,2,1
91,4,1
91,6,1
91,7,1
91,11,2
91,13,1
91,16,1
91,19,1
91,21,1
91,24,1
91,25,1
91,29,7
91,31,4
91,34,1
91,36,1
91,37,1
91,39,8
91,41,1
91,43,1
91,51,1
91,53,1
91,55,8
91,58,1
91,61,1
91,62,1
91,64,1
91,72,1
91,73,1
91,76,11
91,80,1
91,82,1
91,83,1
91,85,1
91,87,8
91,88,1
91,89,1
91,92,1
91,94,1
91,95,1
91,97,2
91,98,1
91,100,1
91,105,1
91,110,1
91,111,1
91,113,5
91,118,7
91,120,1
91,121,2
91,122,2
91,123,8
91,127,1
91,137,1
91,140,1
91,143,1
91,147,1
91,148,1
91,150,1
92,2,1
92,3,1
92,12,8
92,13,1
92,14,1
92,15,1
92,17,1
92,23,1
92,26,1
92,33,1
92,34,1
92,35,7
92,39,1
92,41,2
92,45,1
92,48,1
92,49,8
92,63,2
92,70,1
92,80,1
92,82,8
92,85,1
92,94,1
92,95,1
92,102,1
92,103,1
92,104,2
92,107,8
92,111,2
92,114,2
92,116,6
92,118,1
92,120,1
92,123,3
92,124,1
92,127,2
92,131,8
92,135,2
92,136,7
92,137,1
93,2,1
93,4,1
93,19,1
93,20,2
93,26,1
93,27,6
93,33,1
93,34,5
93,36,8
93,46,3
93,49,1
93,52,1
93,54,2
93,63,1
93,66,1
93,68,1
93,77,1
93,78,2
93,85,1
93,87,7
93,91,1
93,92,2
93,99,4
93,100,1
93,103,3
93,104,1
93,105,1
93,110,1
93,111,6
93,112,1
93,114,1
93,116,1
93,126,1
93,136,1
93,137,1
93,146,1
93,147,1
93,148,2
93,150,1
94,11,1
94,12,5
94,18,1
94,23,1
94,24,1
94,30,1
94,37,8
94,40,1
94,44,1
94,48,6
94,53,7
94,54,1
94,55,2
94,58,1
94,69,1
94,71,2
94,75,1
94,77,5
94,82,2
94,86,1
94,93,1
94,97,1
94,113,4
94,115,1
94,116,7
94,121,1
94,122,1
94,126,1
94,132,1
94,134,1
94,139,1
94,141,1
94,145,1
94,150,1
95,5,1
95,6,10
95,7,2
95,8,1
95,10,1
95,12,1
95,13,1
95,14,1
95,17,1
95,26,2
95,27,10
95,30,1
95,35,1
95,38,1
95,40,7
95,43,11
95,48,1
95,49,1
95,51,1
95,54,2
95,56,1
95,58,1
95,59,1
95,62,2
95,63,1
95,65,8
95,66,2
95,69,1
95,74,1
95,76,7
95,78,1
95,82,1
95,83,6
95,86,1
95,90,1
95,103,1
95,106,1
95,109,3
95,110,1
95,116,10
95,117,1
95,123,2
95,125,1
95,126,1
95,138,1
95,140,1
96,4,1
96,5,1
96,7,2
96,11,13
96,19,1
96,22,1
96,29,1
96,30,2
96,34,8
96,36,2
96,40,1
96,41,1
96,45,9
96,51,1
96,55,1
96,60,2
96,63,1
96,64,1
96,66,2
96,68,1
96,69,1
96,70,1
96,71,8
96,77,2
96,82,1
96,83,1
96,84,1
96,86,3
96,92,2
96,95,1
96,97,1
96,98,1
96,101,1
96,103,1
96,104,1
96,107,1
96,108,1
96,109,9
96,110,1
96,112,1
96,116,12
96,122,1
96,125,1
96,127,7
96,131,1
96,140,1
96,141,2
96,145,1
96,146,10
97,10,1
97,13,1
97,14,5
97,16,1
97,19,1
97,21,3
97,22,1
97,24,1
97,29,1
97,30,9
97,31,4
97,32,3
97,34,7
97,37,1
97,42,1
97,52,1
97,53,1
97,64,2
97,68,1
97,71,2
97,73,1
97,77,1
97,99,1
97,102,1
97,108,5
97,112,1
97,114,1
97,119,1
97,129,1
97,132,1
97,133,3
97,141,1
97,142,1
97,146,1
97,147,1
97,149,1
97,150,1
98,1,1
98,2,1
98,5,1
98,7,2
98,8,1
98,15,7
98,20,3
98,21,5
98,23,1
98,25,2
98,26,2
98,27,1
98,29,1
98,33,1
98,43,1
98,48,2
98,49,1
98,55,1
98,59,1
98,62,1
98,64,1
98,67,1
98,68,1
98,76,1
98,77,2
98,78,1
98,80,8
98,81,6
98,97,1
98,98,1
98,103,1
98,104,8
98,106,3
98,107,4
98,119,1
98,120,1
98,128,1
98,131,1
98,132,1
98,134,6
98,136,1
98,143,1
98,144,1
99,1,1
99,2,1
99,6,1
99,9,1
99,16,1
99,17,1
99,18,1
99,19,1
99,22,2
99,27,1
99,32,10
99,34,1
99,36,1
99,39,1
99,41,9
99,42,1
99,43,9
99,45,1
99,47,8
99,53,1
99,55,1
99,56,1
99,63,1
99,70,9
99,71,1
99,75,1
99,77,1
99,80,1
99,83,1
99,87,1
99,89,1
99,91,9
99,92,1
99,95,1
99,96,2
99,97,1
99,98,1
99,99,1
99,100,1
99,101,1
99,102,7
99,108,2
99,110,1
99,111,1
99,114,1
99,116,1
99,120,1
99,122,1
99,126,1
99,134,8
99,145,1
99,150,1
100,6,2
100,8,7
100,14,1
100,18,6
100,24,1
100,25,5
100,35,1
100,36,1
100,37,2
100,39,1
100,41,7
100,48,1
100,50,1
100,64,1
100,65,1
100,66,1
100,69,1
100,70,1
100,72,1
100,74,1
100,81,1
100,86,8
100,88,1
100,91,1
100,95,1
100,96,1
100,98,1
100,99,1
100,101,1
100,110,5
100,115,1
100,119,1
100,125,1
100,127,1
100,128,1
100,131,1
100,133,1
100,134,1
100,135,1
100,140,1
100,145,9
100,146,2
100,148,8
100,150,1
101,2,1
101,3,1
101,6,1
101,8,1
101,16,1
101,24,1
101,25,1
101,27,1
101,28,6
101,29,1
101,39,1
101,41,1
101,50,9
101,53,1
101,54,1
101,58,1
101,62,1
101,72,1
101,86,1
101,92,7
101,94,1
101,95,1
101,97,1
101,98,1
101,99,1
101,100,2
101,108,1
101,109,1
101,110,1
101,112,1
101,115,1
101,117,1
101,120,2
101,121,6
101,122,7
101,123,1
101,124,1
101,125,9
101,131,1
101,132,8
101,133,1
101,139,9
101,149,2
102,1,1
102,2,3
102,3,13
102,4,1
102,6,1
102,9,1
102,10,1
102,22,1
102,23,1
102,27,1
102,36,1
102,37,1
102,38,7
102,42,14
102,45,1
102,48,1
102,51,1
102,52,1
102,55,1
102,56,3
102,57,1
102,59,2
102,60,2
102,63,1
102,66,1
102,67,1
102,69,1
102,71,1
102,72,1
102,74,1
102,75,2
102,79,1
102,80,1
102,81,7
102,82,2
102,84,2
102,87,1
102,90,1
102,91,1
102,92,10
102,93,2
102,95,1
102,97,1
102,99,1
102,103,1
102,107,13
102,108,1
102,109,1
102,110,1
102,111,1
102,114,1
102,117,10
102,118,1
102,121,11
102,127,1
102,128,1
102,129,1
102,133,1
102,134,1
102,137,1
102,138,1
102,139,1
102,144,1
102,145,1
103,2,9
103,8,1
103,9,1
103,13,1
103,15,2
103,16,1
103,21,2
103,22,1
103,25,1
103,28,1
103,30,1
103,32,6
103,38,2
103,39,1
103,40,7
103,41,1
103,43,1
103,45,1
103,55,2
103,56,1
103,64,1
103,66,1
103,67,2
103,68,1
103,77,1
103,79,1
103,80,1
103,82,1
103,85,1
103,87,2
103,89,2
103,96,1
103,100,1
103,103,1
103,107,2
103,108,1
103,111,1
103,112,1
103,114,3
103,120,1
103,126,1
103,129,1
103,131,1
103,134,6
103,136,1
103,138,1
103,139,9
103,141,6
103,148,1
103,149,6
103,150,1
104,3,1
104,5,8
104,6,9
104,9,9
104,12,1
104,13,4
104,15,1
104,18,1
104,20,1
104,21,1
104,27,1
104,30,1
104,34,1
104,38,1
104,43,1
104,45,1
104,46,1
104,48,1
104,56,1
104,62,1
104,68,1
104,71,6
104,74,1
104,78,1
104,79,1
104,83,1
104,92,1
104,94,7
104,98,2
104,100,1
104,106,1
104,108,1
104,110,1
104,113,1
104,115,4
104,117,1
104,120,1
104,122,1
104,123,2
104,125,6
104,129,1
104,137,1
104,148,1
104,149,1
104,150,1
105,4,1
105,5,1
105,6,10
105,7,8
105,9,1
105,12,2
105,15,2
105,16,1
105,19,1
105,22,9
105,24,2
105,25,6
105,26,1
105,28,1
105,31,1
105,32,1
105,35,1
105,40,1
105,45,1
105,46,2
105,47,2
105,50,1
105,56,2
105,60,1
105,61,1
105,62,1
105,63,2
105,66,1
105,70,2
105,76,2
105,79,3
105,80,1
105,82,1
105,87,6
105,88,6
105,90,1
105,94,1
105,102,1
105,104,1
105,107,2
105,109,1
105,110,1
105,111,1
105,118,1
105,120,1
105,128,3
105,131,10
105,132,1
105,139,1
105,142,1
105,143,1
106,3,1
106,6,1
106,9,5
106,13,10
106,14,1
106,22,2
106,23,1
106,25,1
106,29,5
106,32,1
106,35,2
106,37,1
106,39,1
106,43,10
106,45,1
106,54,1
106,56,1
106,59,1
106,63,1
106,64,1
106,66,1
106,67,1
106,72,1
106,77,10
106,78,2
106,85,1
106,88,11
106,95,2
106,99,4
106,100,1
106,102,5
106,103,1
106,105,1
106,108,1
106,111,1
106,112,1
106,115,1
106,118,1
106,121,1
106,123,1
106,130,1
106,131,1
106,133,1
106,138,1
106,144,1
106,148,1
107,1,1
107,4,8
107,5,1
107,6,1
107,8,1
107,9,13
107,10,1
107,12,1
107,13,7
107,14,1
107,15,1
107,16,1
107,17,1
107,18,1
107,20,3
107,21,1
107,24,1
107,25,1
107,27,2
107,31,1
107,32,1
107,34,1
107,35,1
107,39,1
107,41,10
107,43,1
107,49,1
107,51,1
107,52,1
107,54,1
107,58,1
107,60,1
107,62,1
107,65,14
107,71,1
107,74,1
107,76,1
107,81,1
107,83,1
107,85,1
107,86,1
107,88,1
107,92,1
107,96,1
107,98,1
107,102,6
107,105,4
107,106,1
107,109,1
107,115,1
107,123,1
107,124,1
107,128,1
107,129,9
107,131,1
107,134,1
107,137,1
107,138,1
107,142,1
107,146,8
107,147,1
108,1,1
108,3,2
108,11,1
108,13,1
108,14,1
108,17,1
108,21,1
108,22,1
108,23,1
108,31,1
108,33,1
108,36,1
108,38,2
108,41,2
108,50,1
108,51,1
108,53,10
108,55,1
108,56,1
108,60,1
108,66,1
108,67,9
108,68,1
108,69,1
108,71,2
108,73,11
108,74,9
108,75,1
108,77,1
108,84,1
108,85,4
108,87,5
108,88,1
108,89,1
108,91,1
108,98,8
108,99,1
108,101,1
108,103,1
108,105,1
108,106,1
108,109,1
108,112,2
108,113,1
108,115,1
108,118,8
108,122,1
108,124,1
108,126,1
108,127,1
108,128,1
108,129,1
108,130,1
108,133,1
108,134,1
108,136,1
108,142,1
108,144,1
108,145,5
108,146,1
108,148,1
109,1,1
109,3,1
109,6,12
109,11,12
109,18,1
109,20,1
109,22,1
109,26,1
109,27,1
109,29,11
109,31,1
109,32,1
109,36,1
109,40,1
109,43,2
109,44,1
109,45,1
109,46,1
109,47,1
109,49,8
109,50,1
109,51,1
109,53,1
109,54,1
109,55,1
109,56,1
109,59,2
109,63,10
109,66,1
109,68,2
109,69,1
109,70,1
109,74,1
109,77,7
109,79,9
109,81,1
109,87,1
109,88,2
109,90,1
109,91,12
109,92,2
109,93,1
109,94,1
109,95,1
109,96,1
109,99,1
109,104,3
109,105,1
109,110,1
109,112,1
109,117,2
109,118,1
109,119,1
109,120,1
109,122,1
109,124,2
109,126,1
109,127,1
109,137,1
109,150,3
110,3,1
110,6,1
110,9,3
110,17,1
110,18,1
110,21,1
110,24,5
110,25,1
110,32,1
110,37,1
110,40,5
110,41,6
110,48,1
110,59,7
110,60,1
110,88,5
110,90,4
110,96,1
110,97,1
110,102,1
110,103,1
110,110,1
110,116,1
110,119,1
110,124,1
110,132,1
110,146,1
110,149,6
111,3,1
111,12,1
111,23,1
111,27,1
111,30,1
111,42,1
111,50,1
111,54,1
111,60,1
111,65,1
111,68,1
111,72,4
111,73,3
111,77,1
111,78,1
111,84,1
111,87,1
111,88,1
111,89,1
111,97,3
111,98,1
111,100,1
111,102,3
111,104,1
111,106,1
111,116,1
111,117,1
111,120,7
111,121,1
111,123,1
111,137,2
111,143,1
111,146,3
111,147,1
111,148,1
111,149,1
112,3,1
112,8,1
112,11,1
112,14,4
112,32,1
112,34,1
112,37,1
112,44,3
112,47,1
112,49,1
112,62,1
112,66,1
112,68,1
112,83,1
112,92,4
112,94,1
112,97,1
112,98,1
112,104,4
112,105,1
112,109,2
112,114,1
112,117,1
112,122,1
112,124,1
112,132,3
112,134,1
112,135,4
112,150,6
113,1,1
113,5,1
113,8,1
113,12,1
113,16,1
113,18,2
113,26,10
113,29,1
113,30,1
113,32,7
113,33,1
113,38,1
113,39,10
113,46,1
113,51,1
113,56,1
113,58,1
113,59,1
113,61,1
113,69,1
113,72,8
113,77,1
113,80,6
113,81,9
113,82,1
113,86,6
113,97,1
113,99,11
113,102,1
113,104,1
113,114,1
113,118,1
113,119,1
113,120,1
113,124,1
113,126,1
113,137,1
113,139,1
113,145,2
113,147,2
113,148,2
113,150,2
114,1,9
114,6,1
114,10,2
114,12,1
114,13,1
114,14,1
114,18,1
114,22,1
114,34,1
114,38,5
114,41,1
114,42,14
114,47,5
114,49,9
114,58,1
114,61,1
114,64,1
114,66,8
114,69,2
114,73,1
114,75,1
114,77,1
114,79,2
114,80,1
114,81,1
114,83,1
114,84,2
114,89,2
114,90,1
114,91,1
114,94,1
114,98,1
114,99,2
114,101,2
114,102,1
114,103,1
114,105,1
114,107,2
114,108,1
114,109,1
114,111,1
114,114,1
114,120,1
114,121,1
114,122,3
114,124,1
114,125,1
114,126,8
114,133,1
114,134,1
114,138,3
114,142,1
114,143,1
114,148,1
115,4,1
115,5,1
115,8,1
115,9,1
115,10,7
115,14,12
115,15,1
115,16,1
115,19,1
115,24,1
115,26,2
115,27,2
115,29,1
115,30,1
115,32,1
115,37,1
115,39,12
115,40,1
115,43,1
115,53,1
115,56,10
115,57,1
115,58,1
115,60,1
115,62,12
115,64,1
115,67,1
115,73,1
115,75,1
115,76,9
115,80,1
115,86,12
115,87,1
115,97,1
115,98,2
115,99,1
115,100,1
115,102,1
115,103,1
115,105,1
115,116,1
115,124,1
115,125,2
115,129,1
115,134,1
115,138,14
115,141,1
115,142,1
115,143,1
115,144,1
115,146,2
115,149,1
115,150,1
116,1,7
116,2,1
116,10,1
116,15,1
116,26,3
116,29,1
116,31,1
116,32,1
116,39,1
116,40,1
116,60,1
116,62,1
116,63,1
116,64,8
116,81,1
116,83,3
116,84,1
116,88,1
116,90,1
116,93,1
116,95,1
116,97,1
116,100,1
116,101,1
116,102,1
116,105,8
116,109,1
116,115,1
116,116,3
116,117,2
116,119,1
116,123,1
116,124,1
116,132,3
116,135,1
116,137,1
116,143,7
116,144,1
116,150,3
117,1,1
117,16,1
117,27,1
117,30,1
117,38,1
117,39,2
117,40,6
117,43,8
117,59,1
117,63,1
117,67,1
117,81,1
117,88,1
117,93,1
117,102,1
117,106,1
117,108,1
117,109,1
117,110,1
117,112,1
117,114,4
117,118,1
117,123,1
117,124,2
117,132,1
117,135,1
117,136,2
117,137,1
117,139,1
117,142,5
117,143,1
117,144,1
117,147,1
118,2,6
118,5,1
118,11,1
118,15,1
118,17,1
118,19,1
118,21,1
118,25,1
118,27,1
118,33,1
118,35,1
118,37,2
118,42,2
118,43,1
118,44,1
118,49,1
118,54,1
118,59,1
118,61,1
118,63,4
118,65,1
118,71,1
118,75,2
118,82,1
118,84,1
118,85,1
118,86,7
118,91,1
118,99,7
118,100,11
118,101,6
118,102,1
118,103,6
118,105,1
118,107,1
118,110,1
118,117,2
118,119,1
118,134,1
118,136,1
118,138,1
118,141,10
118,143,1
118,144,1
118,147,1
118,148,2
118,149,1
119,1,1
119,6,1
119,8,1
119,9,6
119,10,1
119,12,1
119,13,1
119,15,1
119,19,1
119,23,1
119,25,1
119,26,1
119,28,2
119,35,2
119,38,1
119,43,1
119,50,1
119,51,1
119,57,1
119,58,1
119,64,1
119,65,7
119,67,1
119,70,6
119,76,9
119,77,8
119,79,1
119,80,1
119,81,1
119,84,2
119,91,1
119,94,1
119,101,5
119,103,11
119,105,1
119,114,1
119,115,1
119,119,1
119,120,1
119,121,7
119,123,1
119,128,1
119,129,1
119,130,1
119,133,1
119,137,1
119,141,1
119,142,1
119,147,1
119,148,1
120,7,1
120,11,1
120,20,5
120,24,1
120,37,1
120,38,1
120,39,1
120,44,1
120,56,1
120,63,1
120,68,5
120,84,2
120,85,7
120,95,1
120,101,1
120,103,1
120,109,1
120,110,1
120,118,4
120,120,6
120,125,1
120,139,1
120,145,1
120,148,5
120,150,1
121,5,1
121,12,6
121,15,2
121,17,1
121,19,3
121,22,1
121,23,1
121,24,2
121,25,10
121,28,2
121,30,1
121,33,1
121,38,2
121,40,1
121,41,1
121,43,3
121,45,2
121,49,1
121,51,1
121,58,8
121,59,1
121,60,1
121,65,12
121,66,8
121,67,1
121,68,1
121,70,2
121,76,1
121,82,2
121,83,1
121,86,1
121,88,1
121,94,1
121,97,2
121,98,1
121,102,2
121,106,1
121,107,1
121,109,2
121,114,1
121,115,1
121,118,1
121,119,1
121,121,2
121,126,11
121,131,1
121,133,1
121,134,1
121,137,1
121,138,7
121,139,8
121,142,1
121,143,1
121,148,1
122,6,4
122,16,1
122,23,4
122,26,5
122,35,3
122,37,1
122,38,1
122,47,2
122,55,1
122,61,1
122,62,1
122,65,1
122,67,2
122,72,1
122,73,1
122,76,1
122,81,4
122,105,1
122,108,1
122,109,1
122,110,4
122,112,1
122,120,1
122,124,2
122,127,1
122,129,1
122,133,2
122,135,1
122,136,1
122,138,4
122,141,1
122,149,1
123,2,1
123,4,4
123,6,1
123,8,1
123,11,1
123,19,1
123,27,1
123,33,1
123,39,1
123,40,1
123,42,1
123,43,1
123,46,1
123,54,2
123,57,1
123,58,1
123,62,8
123,68,1
123,69,1
123,72,1
123,73,1
123,74,1
123,76,2
123,77,1
123,81,1
123,85,1
123,86,8
123,88,1
123,89,1
123,98,2
123,107,1
123,108,1
123,109,1
123,111,1
123,114,5
123,115,2
123,116,3
123,118,2
123,121,1
123,123,1
123,124,1
123,126,1
123,127,5
123,129,7
123,130,1
123,133,9
123,134,1
123,137,1
123,146,4
123,150,1
124,6,2
124,7,2
124,8,2
124,10,7
124,11,15
124,13,1
124,15,1
124,18,1
124,20,9
124,22,1
124,24,1
124,28,1
124,30,1
124,34,11
124,35,1
124,36,1
124,37,1
124,40,12
124,42,2
124,44,1
124,48,1
124,50,1
124,51,1
124,53,3
124,54,1
124,55,1
124,60,1
124,61,1
124,62,1
124,64,2
124,65,1
124,68,1
124,69,1
124,73,1
124,74,1
124,76,1
124,83,1
124,84,12
124,89,1
124,90,9
124,92,1
124,94,3
124,95,2
124,97,1
124,100,1
124,102,1
124,103,1
124,104,1
124,108,1
124,123,1
124,127,1
124,129,1
124,133,1
124,136,1
124,141,1
124,144,1
124,145,1
124,147,1
124,149,1
124,150,7
125,5,1
125,7,1
125,9,1
125,18,5
125,20,1
125,23,1
125,28,3
125,30,2
125,33,1
125,34,1
125,36,1
125,45,2
125,53,4
125,54,8
125,55,1
125,60,1
125,69,5
125,70,1
125,81,1
125,82,1
125,84,1
125,88,1
125,90,7
125,91,2
125,98,2
125,106,8
125,115,1
125,116,1
125,122,2
125,129,1
125,134,1
125,147,1
125,148,1
126,1,1
126,6,1
126,11,2
126,12,1
126,13,1
126,14,1
126,17,1
126,21,1
126,24,1
126,28,8
126,39,2
126,41,2
126,46,1
126,48,2
126,49,1
126,52,1
126,54,1
126,57,1
126,58,1
126,59,1
126,61,8
126,62,2
126,66,1
126,67,1
126,69,10
126,70,1
126,72,1
126,73,8
126,78,1
126,87,1
126,88,1
126,89,1
126,93,1
126,95,1
126,97,1
126,100,1
126,104,2
126,107,2
126,112,1
126,115,7
126,119,1
126,120,1
126,121,3
126,126,1
126,127,1
126,132,1
126,134,2
126,137,5
126,139,2
126,144,8
126,145,1
126,147,1
126,148,1
126,149,1
126,150,9
127,1,1
127,4,1
127,6,2
127,8,1
127,10,1
127,23,1
127,24,1
127,30,1
127,32,4
127,40,1
127,42,4
127,43,1
127,50,9
127,51,3
127,54,1
127,55,1
127,57,1
127,68,1
127,72,1
127,74,1
127,75,1
127,78,1
127,93,1
127,94,1
127,98,1
127,104,8
127,108,1
127,110,5
127,112,8
127,114,1
127,115,1
127,116,1
127,119,7
127,120,2
127,132,2
127,133,1
127,135,3
127,138,1
127,143,1
127,144,1
127,147,1
127,148,1
128,7,1
128,12,1
128,16,1
128,21,1
128,24,1
128,44,3
128,47,5
128,48,1
128,49,6
128,55,5
128,60,2
128,70,1
128,71,1
128,73,5
128,77,1
128,84,1
128,87,5
128,90,1
128,91,1
128,100,2
128,103,1
128,104,1
128,114,1
128,120,1
128,134,4
128,144,1
128,148,3
129,5,1
129,11,1
129,22,3
129,27,1
129,34,2
129,39,8
129,46,1
129,47,5
129,53,2
129,55,1
129,56,1
129,57,2
129,59,2
129,63,7
129,65,1
129,66,10
129,68,1
129,72,1
129,74,1
129,76,1
129,82,1
129,83,5
129,88,1
129,89,1
129,90,1
129,92,1
129,94,1
129,95,1
129,96,5
129,97,1
129,100,2
129,106,1
129,110,1
129,117,1
129,121,1
129,127,10
129,128,1
129,129,1
129,130,1
129,137,1
129,139,1
129,140,1
129,141,1
129,143,3
129,147,1
129,148,5
130,1,1
130,5,1
130,9,1
130,17,10
130,20,1
130,21,5
130,22,1
130,24,6
130,25,1
130,32,1
130,34,6
130,38,1
130,39,1
130,43,1
130,48,10
130,51,1
130,53,1
130,54,1
130,55,1
130,56,1
130,57,1
130,58,1
130,59,2
130,71,1
130,77,1
130,78,2
130,81,5
130,83,1
130,86,1
130,88,11
130,89,1
130,91,1
130,93,1
130,100,1
130,101,9
130,106,1
130,107,1
130,110,1
130,120,1
130,122,1
130,124,1
130,133,1
130,135,1
130,137,1
130,138,1
130,143,2
130,145,1
130,146,1
130,149,2
131,4,2
131,5,1
131,8,1
131,9,7
131,10,1
131,13,11
131,15,1
131,17,9
131,19,10
131,21,1
131,30,1
131,31,10
131,34,1
131,36,1
131,43,1
131,47,1
131,50,2
131,53,13
131,54,1
131,56,2
131,61,1
131,65,1
131,67,2
131,68,1
131,76,1
131,77,1
131,81,2
131,90,1
131,93,2
131,96,2
131,102,7
131,103,1
131,105,1
131,106,2
131,109,1
131,111,3
131,116,2
131,118,1
131,120,2
131,121,1
131,124,2
131,126,1
131,128,1
131,129,1
131,131,9
131,133,1
131,135,2
131,138,1
131,142,1
131,143,1
131,149,2
132,6,2
132,8,2
132,9,2
132,10,1
132,16,7
132,22,1
132,25,4
132,27,1
132,29,1
132,33,1
132,34,1
132,36,1
132,39,1
132,47,1
132,49,6
132,51,1
132,53,1
132,54,1
132,56,3
132,59,1
132,64,1
132,65,6
132,66,1
132,67,1
132,68,3
132,69,1
132,74,7
132,84,2
132,85,1
132,88,7
132,89,1
132,92,2
132,94,8
132,96,1
132,97,7
132,99,1
132,100,1
132,103,1
132,104,1
132,108,1
132,119,1
132,123,1
132,129,1
132,135,1
132,136,2
132,142,1
132,147,1
132,148,1
133,5,1
133,11,1
133,13,1
133,14,1
133,28,1
133,29,1
133,31,4
133,35,1
133,38,6
133,40,1
133,44,1
133,48,1
133,51,3
133,52,1
133,54,1
133,55,1
133,68,1
133,72,2
133,73,1
133,77,1
133,84,1
133,87,1
133,88,1
133,89,1
133,91,4
133,94,2
133,106,4
133,107,1
133,109,1
133,111,1
133,115,1
133,117,1
133,126,1
133,127,1
133,130,1
133,131,1
133,134,2
133,148,6
134,6,1
134,13,1
134,23,1
134,28,10
134,32,1
134,33,1
134,35,1
134,43,1
134,45,1
134,46,1
134,48,1
134,49,2
134,50,5
134,53,2
134,58,1
134,61,2
134,63,1
134,64,11
134,66,1
134,67,1
134,68,1
134,69,1
134,79,1
134,84,1
134,85,9
134,95,1
134,96,8
134,100,1
134,103,1
134,105,1
134,106,1
134,108,1
134,111,1
134,112,1
134,114,8
134,116,1
134,118,1
134,120,9
134,123,1
134,125,7
134,126,1
134,127,1
134,130,1
134,134,1
134,138,1
134,140,1
134,142,1
134,143,1
134,144,1
134,146,1
134,147,1
134,149,1
134,150,1
135,7,1
135,12,1
135,13,2
135,14,2
135,17,1
135,18,1
135,22,1
135,24,2
135,26,1
135,29,2
135,31,8
135,35,1
135,37,1
135,43,1
135,44,1
135,46,1
135,49,1
135,52,1
135,57,1
135,59,1
135,60,1
135,61,1
135,64,8
135,65,1
135,74,11
135,82,1
135,85,1
135,86,1
135,87,1
135,88,1
135,90,1
135,91,1
135,93,2
135,94,2
135,95,2
135,97,1
135,98,1
135,99,1
135,104,1
135,108,1
135,110,1
135,112,1
135,114,1
135,116,1
135,117,9
135,122,1
135,123,1
135,127,1
135,136,1
135,141,5
135,145,9
135,148,6
135,149,1
135,150,7
136,14,6
136,27,3
136,36,1
136,37,1
136,45,1
136,46,1
136,48,4
136,49,1
136,52,1
136,55,2
136,63,1
136,66,1
136,73,1
136,79,8
136,80,6
136,94,6
136,95,1
136,110,1
136,113,1
136,118,2
136,122,1
136,123,1
136,126,1
136,127,1
136,128,6
136,131,1
136,134,1
136,135,1
136,136,10
136,146,1
137,1,2
137,4,1
137,8,1
137,13,1
137,18,1
137,20,2
137,22,2
137,27,1
137,32,1
137,38,4
137,39,1
137,42,1
137,43,1
137,44,1
137,46,1
137,54,5
137,55,5
137,56,1
137,59,1
137,61,2
137,63,1
137,64,1
137,67,1
137,71,7
137,73,1
137,78,1
137,82,1
137,86,2
137,87,5
137,88,2
137,93,1
137,100,1
137,101,1
137,102,1
137,106,1
137,112,1
137,116,4
137,122,1
137,132,1
137,135,1
137,149,5
138,1,1
138,4,1
138,8,2
138,11,1
138,14,1
138,25,1
138,36,1
138,38,2
138,43,1
138,44,1
138,46,3
138,51,1
138,56,1
138,57,1
138,60,2
138,61,1
138,65,1
138,75,5
138,77,4
138,81,6
138,82,1
138,89,1
138,95,1
138,107,1
138,112,1
138,117,1
138,121,1
138,122,6
138,131,1
138,138,1
138,142,1
138,143,4
138,144,1
138,148,1
138,149,2
138,150,8
139,1,1
139,3,2
139,7,1
139,9,1
139,10,1
139,11,2
139,14,7
139,17,1
139,22,2
139,27,1
139,31,1
139,33,2
139,34,1
139,38,1
139,42,1
139,44,6
139,45,1
139,51,1
139,53,1
139,56,2
139,58,1
139,65,1
139,66,1
139,76,1
139,84,1
139,86,9
139,90,1
139,95,1
139,101,3
139,105,8
139,109,1
139,110,1
139,115,8
139,117,2
139,120,1
139,121,1
139,131,1
139,137,1
139,142,1
139,144,1
139,145,9
139,146,1
139,148,5
139,149,1
140,3,1
140,8,2
140,9,1
140,15,8
140,16,1
140,20,1
140,22,1
140,28,1
140,30,1
140,31,2
140,35,1
140,44,1
140,45,1
140,53,1
140,57,1
140,58,1
140,60,1
140,63,1
140,66,1
140,67,1
140,69,7
140,70,1
140,74,8
140,79,5
140,80,2
140,81,1
140,82,1
140,86,8
140,94,2
140,95,1
140,98,1
140,106,1
140,109,1
140,113,1
140,114,1
140,117,2
140,121,1
140,124,8
140,125,5
140,131,1
140,138,1
140,141,6
140,144,1
140,145,1
140,147,1
140,149,1
141,5,1
141,7,1
141,13,1
141,34,5
141,36,9
141,37,1
141,39,8
141,40,1
141,42,1
141,50,1
141,56,1
141,59,1
141,60,1
141,62,7
141,63,1
141,66,1
141,71,2
141,72,1
141,74,1
141,75,1
141,76,1
141,80,1
141,87,1
141,88,1
141,91,8
141,92,1
141,93,1
141,96,1
141,98,1
141,100,5
141,108,1
141,112,1
141,114,1
141,117,2
141,120,1
141,122,1
141,127,2
141,128,1
141,130,1
141,131,1
141,132,7
141,133,8
141,134,2
141,135,1
141,144,1
141,149,1
141,150,1
142,1,1
142,2,1
142,4,5
142,12,2
142,13,1
142,16,5
142,22,4
142,23,1
142,27,1
142,28,3
142,32,1
142,33,1
142,38,1
142,52,1
142,67,1
142,70,1
142,74,1
142,75,4
142,76,1
142,83,2
142,86,5
142,90,1
142,121,1
142,125,1
142,133,1
142,146,3
143,2,2
143,8,1
143,9,1
143,12,2
143,21,2
143,29,1
143,30,1
143,31,9
143,34,6
143,36,4
143,40,1
143,41,1
143,44,1
143,48,2
143,53,1
143,57,1
143,60,1
143,62,1
143,64,1
143,65,2
143,66,5
143,67,2
143,71,1
143,72,1
143,73,1
143,78,1
143,80,10
143,84,1
143,86,8
143,92,1
143,98,2
143,99,1
143,103,1
143,107,1
143,111,1
143,113,2
143,114,1
143,116,1
143,120,2
143,122,1
143,123,1
143,124,1
143,125,1
143,128,1
143,129,1
143,130,1
143,131,7
143,134,1
143,136,11
143,138,1
143,140,11
143,147,1
144,2,1
144,12,1
144,15,1
144,16,1
144,32,1
144,33,4
144,34,1
144,36,7
144,44,1
144,46,1
144,49,1
144,53,1
144,57,1
144,62,6
144,64,2
144,69,8
144,70,1
144,79,1
144,81,2
144,85,2
144,87,9
144,89,1
144,91,1
144,98,1
144,108,1
144,111,2
144,118,1
144,120,5
144,122,1
144,123,6
144,125,1
144,126,1
144,132,1
144,137,6
144,138,2
144,139,2
144,146,1
144,147,1
144,148,1
144,150,1
145,1,6
145,8,1
145,9,2
145,17,1
145,18,1
145,23,1
145,27,9
145,28,1
145,29,1
145,36,1
145,40,2
145,42,7
145,43,2
145,47,1
145,49,1
145,51,1
145,56,1
145,72,9
145,76,1
145,81,6
145,82,1
145,85,2
145,86,1
145,91,1
145,93,6
145,97,1
145,103,1
145,104,1
145,105,1
145,106,1
145,108,1
145,109,1
145,114,1
145,115,1
145,119,1
145,120,1
145,122,1
145,133,1
145,136,1
145,139,7
145,145,1
146,2,1
146,4,1
146,5,7
146,21,1
146,22,1
146,23,1
146,24,1
146,26,1
146,28,5
146,41,1
146,43,3
146,44,1
146,45,1
146,53,1
146,54,1
146,55,5
146,56,1
146,57,6
146,59,1
146,61,1
146,62,2
146,63,2
146,64,1
146,66,2
146,70,2
146,75,1
146,77,1
146,80,1
146,83,1
146,85,3
146,92,1
146,93,1
146,97,2
146,99,1
146,103,1
146,105,6
146,106,1
146,111,8
146,120,1
146,121,1
146,127,1
146,130,9
146,131,1
146,132,1
146,134,2
146,138,1
146,140,1
146,142,3
146,145,1
146,149,1
147,1,1
147,6,1
147,7,1
147,15,2
147,23,2
147,26,1
147,44,1
147,49,4
147,52,5
147,60,1
147,70,7
147,71,1
147,76,2
147,77,1
147,86,1
147,87,1
147,93,4
147,99,1
147,103,1
147,113,1
147,115,2
147,116,1
147,117,5
147,122,6
147,128,1
147,139,1
147,150,1
148,5,1
148,11,8
148,15,1
148,16,2
148,17,1
148,19,1
148,20,2
148,22,1
148,25,1
148,27,1
148,30,1
148,35,1
148,39,6
148,40,1
148,45,1
148,47,1
148,48,1
148,49,2
148,50,1
148,51,1
148,57,1
148,58,1
148,62,1
148,65,3
148,66,2
148,79,3
148,80,1
148,83,1
148,88,1
148,89,1
148,91,1
148,93,9
148,96,1
148,100,3
148,104,9
148,106,1
148,107,3
148,116,1
148,120,1
148,123,1
148,124,2
148,125,7
148,131,1
148,136,3
148,137,4
148,142,1
148,143,7
148,146,1
149,34,1
149,40,4
149,41,1
149,44,1
149,45,1
149,54,1
149,58,1
149,59,1
149,63,1
149,74,1
149,77,5
149,83,1
149,84,1
149,85,1
149,89,1
149,91,1
149,98,5
149,99,1
149,100,4
149,101,5
149,102,1
149,107,1
149,108,2
149,111,4
149,112,1
149,116,1
149,124,3
149,129,1
149,135,1
149,137,1
149,138,1
149,142,1
149,147,4
150,6,1
150,7,7
150,15,1
150,17,1
150,18,9
150,20,1
150,24,6
150,32,1
150,44,1
150,49,1
150,51,1
150,53,1
150,65,1
150,66,1
150,76,1
150,77,1
150,81,9
150,82,1
150,86,2
150,87,1
150,88,2
150,90,1
150,92,1
150,96,6
150,98,7
150,99,1
150,104,8
150,106,1
150,110,1
150,111,1
150,117,3
150,124,1
150,125,1
150,130,1
150,135,1
150,142,5
150,144,1
150,149,1
150,150,1
151,1,1
151,8,2
151,10,1
151,17,1
151,18,2
151,19,1
151,22,1
151,23,1
151,24,1
151,25,1
151,29,9
151,31,5
151,32,1
151,33,3
151,41,1
151,43,8
151,45,1
151,51,1
151,52,2
151,54,1
151,59,1
151,67,8
151,72,1
151,78,2
151,80,1
151,84,1
151,85,1
151,88,2
151,91,2
151,93,1
151,94,1
151,98,1
151,101,1
151,102,1
151,106,1
151,107,1
151,109,12
151,110,1
151,115,1
151,119,1
151,120,9
151,123,9
151,125,1
151,126,2
151,129,3
151,130,1
151,131,1
151,137,7
151,139,1
151,144,1
151,145,1
151,150,1
152,1,10
152,2,6
152,4,2
152,7,1
152,9,2
152,13,2
152,15,1
152,19,1
152,20,1
152,23,1
152,27,2
152,35,1
152,36,7
152,41,1
152,44,1
152,45,2
152,46,1
152,49,1
152,50,1
152,55,1
152,59,2
152,60,2
152,62,1
152,63,1
152,73,1
152,77,2
152,80,1
152,81,1
152,82,1
152,85,1
152,90,1
152,94,1
152,95,1
152,97,1
152,99,1
152,100,1
152,102,1
152,105,12
152,110,2
152,115,1
152,120,2
152,127,1
152,128,11
152,132,1
152,133,2
152,134,1
152,135,1
152,136,9
152,137,1
152,139,1
152,140,1
152,144,2
152,145,2
152,147,1
152,148,1
152,149,13
152,150,13
153,4,2
153,7,2
153,8,1
153,9,1
153,16,1
153,21,7
153,24,1
153,25,1
153,35,10
153,37,1
153,38,2
153,39,1
153,40,1
153,44,1
153,51,1
153,52,1
153,54,10
153,56,1
153,57,1
153,58,1
153,60,8
153,63,4
153,65,1
153,71,1
153,72,2
153,73,1
153,76,1
153,79,1
153,81,1
153,89,1
153,93,1
153,96,1
153,97,2
153,98,1
153,101,1
153,104,1
153,107,2
153,111,3
153,112,1
153,114,1
153,115,5
153,117,1
153,128,1
153,131,2
153,132,1
153,135,2
153,136,1
153,138,9
153,139,1
153,140,1
153,147,9
153,150,1
154,2,1
154,3,1
154,4,7
154,5,1
154,6,7
154,14,1
154,28,1
154,30,1
154,31,4
154,34,5
154,35,1
154,41,1
154,62,1
154,66,1
154,70,1
154,74,1
154,94,1
154,96,6
154,113,6
154,119,5
154,120,1
154,121,1
154,123,6
154,131,1
154,132,1
154,136,1
154,141,1
154,142,1
154,150,1
155,8,1
155,9,1
155,10,1
155,11,1
155,18,1
155,31,1
155,36,7
155,50,1
155,52,1
155,63,1
155,65,1
155,69,5
155,70,1
155,75,1
155,78,1
155,79,1
155,80,1
155,87,1
155,91,9
155,92,1
155,94,1
155,95,1
155,96,1
155,98,4
155,99,1
155,103,1
155,104,1
155,106,1
155,108,1
155,109,1
155,113,7
155,114,6
155,115,1
155,116,1
155,128,1
155,129,1
155,130,1
155,137,1
155,141,5
155,142,1
155,144,1
155,148,5
156,7,1
156,12,1
156,13,1
156,19,1
156,20,1
156,28,7
156,29,6
156,31,1
156,33,1
156,35,1
156,41,1
156,43,1
156,45,12
156,52,1
156,54,1
156,60,1
156,64,3
156,65,1
156,66,1
156,67,1
156,69,1
156,72,1
156,74,1
156,75,12
156,82,1
156,83,5
156,84,1
156,86,1
156,87,7
156,90,1
156,96,1
156,101,1
156,103,1
156,105,2
156,106,1
156,111,2
156,112,1
156,113,1
156,114,14
156,116,2
156,118,1
156,120,1
156,121,1
156,127,10
156,128,1
156,129,1
156,132,1
156,143,1
156,144,1
156,148,1
157,5,1
157,9,1
157,10,2
157,15,9
157,16,10
157,18,1
157,19,1
157,20,1
157,25,1
157,28,1
157,32,1
157,34,1
157,35,1
157,37,1
157,46,1
157,48,1
157,49,2
157,52,7
157,58,1
157,59,1
157,66,1
157,72,8
157,73,1
157,74,1
157,78,1
157,83,1
157,89,4
157,91,1
157,95,1
157,96,1
157,99,1
157,100,5
157,101,1
157,102,1
157,107,9
157,110,1
157,111,1
157,115,2
157,118,1
157,121,2
157,122,1
157,134,1
157,137,1
157,142,1
157,143,1
157,144,1
157,145,8
157,146,2
157,147,7
158,3,2
158,8,1
158,13,1
158,14,1
158,15,2
158,18,1
158,19,1
158,21,1
158,30,9
158,34,1
158,35,1
158,45,1
158,47,1
158,61,1
158,70,1
158,74,7
158,75,1
158,77,1
158,82,9
158,84,1
158,86,1
158,87,1
158,88,6
158,89,1
158,91,1
158,93,1
158,94,1
158,97,7
158,98,1
158,99,1
158,101,2
158,102,1
158,106,1
158,107,1
158,110,5
158,111,8
158,122,8
158,128,3
158,129,1
158,132,1
158,133,1
158,135,1
158,146,1
158,150,1
159,8,10
159,13,1
159,18,1
159,22,1
159,25,1
159,27,1
159,32,1
159,39,4
159,42,7
159,44,1
159,46,1
159,51,1
159,58,1
159,59,8
159,60,1
159,63,1
159,64,1
159,67,1
159,72,3
159,76,1
159,82,1
159,83,2
159,86,1
159,87,1
159,90,1
159,91,1
159,94,1
159,96,1
159,99,1
159,101,1
159,102,4
159,103,3
159,112,1
159,114,7
159,123,1
159,124,1
159,128,1
159,141,1
159,145,1
160,7,1
160,8,1
160,11,1
160,15,2
160,16,4
160,18,1
160,21,2
160,23,3
160,38,1
160,45,4
160,47,1
160,49,1
160,52,1
160,57,4
160,60,1
160,64,1
160,71,4
160,75,1
160,78,1
160,83,1
160,84,1
160,85,6
160,86,1
160,88,6
160,89,1
160,90,8
160,95,2
160,99,1
160,103,1
160,105,1
160,109,2
160,114,1
160,115,1
160,116,1
160,120,1
160,121,3
160,125,1
160,128,1
160,130,3
160,135,1
160,138,1
160,142,1
160,145,1
161,4,7
161,6,1
161,9,1
161,10,1
161,17,5
161,19,2
161,25,7
161,27,1
161,39,1
161,47,1
161,48,1
161,53,8
161,58,1
161,76,1
161,78,1
161,79,1
161,80,1
161,84,1
161,86,1
161,90,1
161,93,6
161,96,7
161,99,1
161,102,1
161,107,1
161,109,1
161,112,1
161,129,1
161,130,5
161,133,1
161,137,2
161,140,1
161,141,1
161,142,1
161,145,1
162,10,1
162,20,4
162,23,8
162,31,3
162,37,1
162,43,1
162,45,1
162,48,4
162,50,1
162,51,3
162,59,1
162,65,1
162,74,1
162,79,9
162,86,6
162,93,2
162,95,2
162,105,3
162,107,1
162,111,1
162,119,1
162,124,1
162,125,1
162,126,1
162,127,1
162,140,1
162,141,1
162,150,1
163,2,1
163,6,1
163,14,7
163,19,1
163,25,1
163,32,6
163,40,1
163,41,1
163,42,1
163,44,3
163,45,2
163,48,1
163,51,1
163,52,1
163,55,1
163,56,6
163,57,2
163,61,1
163,62,1
163,64,1
163,66,5
163,73,1
163,75,2
163,80,1
163,85,1
163,88,1
163,95,4
163,101,1
163,103,7
163,104,1
163,106,1
163,109,1
163,110,3
163,115,1
163,118,1
163,124,1
163,127,1
163,128,6
163,129,1
163,131,1
163,137,1
163,138,1
163,142,1
163,143,1
163,149,3
164,6,1
164,9,1
164,14,1
164,20,1
164,25,1
164,34,1
164,41,1
164,42,6
164,45,1
164,49,1
164,51,5
164,52,1
164,53,5
164,54,2
164,56,1
164,58,1
164,59,1
164,60,1
164,72,1
164,84,1
164,89,6
164,90,1
164,93,2
164,94,6
164,95,1
164,96,1
164,97,1
164,103,1
164,107,1
164,112,1
164,117,1
164,120,6
164,125,4
164,127,1
164,128,1
164,129,2
164,135,2
164,144,8
164,147,2
165,3,13
165,4,1
165,7,1
165,10,1
165,14,11
165,15,7
165,20,2
165,23,2
165,24,1
165,30,1
165,35,1
165,36,12
165,39,1
165,41,9
165,45,1
165,55,1
165,60,1
165,61,1
165,62,2
165,65,1
165,66,1
165,67,1
165,68,1
165,70,1
165,71,1
165,72,1
165,74,12
165,75,1
165,76,1
165,82,3
165,83,1
165,85,2
165,87,1
165,92,6
165,93,1
165,98,1
165,104,1
165,107,7
165,109,1
165,110,1
165,112,1
165,113,1
165,117,1
165,124,1
165,126,1
165,127,2
165,128,1
165,134,1
165,138,1
165,139,1
165,142,1
165,143,1
165,148,1
166,3,1
166,4,1
166,7,2
166,8,1
166,9,2
166,10,9
166,21,2
166,24,1
166,26,2
166,27,1
166,31,1
166,32,2
166,35,1
166,36,13
166,41,1
166,46,1
166,48,11
166,56,1
166,59,2
166,60,2
166,63,1
166,65,1
166,66,3
166,70,1
166,72,2
166,74,1
166,79,1
166,80,8
166,81,1
166,83,2
166,86,1
166,90,2
166,91,1
166,95,1
166,97,9
166,98,1
166,99,2
166,100,1
166,102,1
166,108,1
166,110,1
166,113,1
166,114,9
166,115,2
166,122,1
166,123,1
166,130,1
166,132,1
166,133,1
166,136,1
166,138,3
166,139,10
166,142,1
166,149,10
167,3,1
167,5,1
167,6,1
167,10,1
167,12,1
167,18,1
167,19,9
167,21,1
167,29,1
167,33,1
167,41,2
167,42,1
167,48,1
167,55,1
167,59,4
167,61,1
167,62,1
167,63,7
167,66,2
167,69,1
167,72,3
167,74,1
167,75,1
167,77,1
167,79,1
167,84,1
167,90,7
167,93,1
167,99,1
167,102,1
167,107,1
167,110,1
167,111,1
167,112,2
167,115,1
167,117,1
167,118,1
167,120,2
167,121,1
167,122,1
167,123,1
167,128,2
167,138,1
167,139,1
167,141,1
167,143,1
167,145,3
167,147,2
167,148,1
167,149,1
168,6,1
168,8,1
168,13,1
168,15,7
168,21,2
168,22,1
168,25,1
168,26,1
168,31,1
168,45,4
168,60,1
168,65,1
168,67,5
168,72,1
168,85,1
168,88,1
168,89,1
168,90,1
168,93,6
168,96,5
168,99,1
168,103,6
168,111,2
168,113,3
168,114,1
168,121,1
168,122,4
168,124,1
168,125,1
168,131,1
168,135,1
168,136,2
168,143,1
168,148,2
169,2,1
169,8,1
169,9,1
169,11,5
169,12,3
169,15,1
169,17,1
169,18,1
169,21,1
169,24,2
169,41,1
169,42,2
169,44,1
169,46,1
169,47,1
169,57,8
169,60,1
169,67,2
169,68,1
169,70,1
169,71,1
169,72,8
169,73,8
169,74,4
169,77,1
169,81,1
169,83,2
169,84,1
169,87,1
169,104,1
169,105,1
169,107,1
169,114,1
169,118,1
169,119,1
169,121,1
169,123,7
169,124,1
169,126,1
169,127,8
169,129,1
169,130,1
169,133,1
169,138,1
169,147,1
170,2,1
170,14,1
170,15,1
170,16,1
170,28,1
170,38,1
170,39,2
170,44,1
170,46,1
170,47,3
170,49,3
170,50,1
170,52,4
170,71,1
170,74,1
170,81,1
170,91,1
170,101,1
170,104,2
170,110,4
170,111,1
170,112,1
170,117,4
170,118,1
170,119,1
170,120,1
170,122,1
170,123,2
170,124,1
170,125,1
170,138,1
170,139,6
170,142,3
170,144,1
170,145,1
170,148,1
171,1,1
171,4,9
171,5,5
171,12,1
171,13,1
171,14,1
171,15,1
171,28,1
171,31,1
171,35,2
171,36,1
171,38,1
171,40,1
171,41,7
171,46,1
171,47,7
171,52,2
171,55,2
171,62,1
171,63,1
171,67,1
171,68,10
171,69,1
171,70,1
171,72,1
171,75,1
171,77,1
171,81,2
171,83,12
171,84,1
171,85,1
171,89,2
171,94,1
171,96,1
171,97,1
171,98,2
171,99,1
171,100,1
171,103,1
171,104,1
171,107,1
171,110,9
171,111,1
171,113,9
171,114,1
171,128,1
171,130,1
171,131,1
171,135,3
171,139,1
171,140,1
171,148,2
172,2,1
172,6,1
172,10,1
172,13,2
172,14,2
172,16,1
172,17,1
172,23,11
172,26,1
172,28,10
172,31,1
172,34,2
172,35,1
172,41,1
172,42,1
172,43,1
172,47,1
172,51,1
172,52,1
172,58,1
172,62,1
172,64,7
172,66,1
172,68,1
172,73,7
172,76,1
172,77,1
172,81,1
172,83,1
172,86,1
172,87,1
172,88,1
172,89,1
172,90,1
172,91,1
172,92,2
172,96,1
172,101,10
172,106,16
172,108,1
172,111,7
172,113,1
172,119,1
172,126,1
172,127,2
172,128,1
172,130,7
172,131,1
172,135,1
172,136,1
172,138,1
172,145,1
172,147,1
172,149,1
173,5,1
173,6,2
173,11,1
173,12,1
173,17,1
173,19,1
173,32,1
173,43,6
173,45,6
173,47,1
173,48,5
173,50,1
173,52,1
173,54,1
173,56,1
173,58,1
173,67,2
173,77,1
173,83,2
173,84,3
173,93,2
173,107,1
173,109,1
173,112,1
173,114,1
173,115,1
173,117,1
173,119,2
173,127,2
173,128,2
173,132,4
173,134,1
173,142,1
174,1,1
174,7,1
174,16,1
174,24,1
174,30,1
174,37,1
174,40,1
174,42,2
174,43,1
174,46,1
174,50,2
174,52,1
174,53,1
174,54,1
174,59,1
174,60,4
174,66,5
174,81,1
174,88,1
174,96,7
174,97,1
174,99,3
174,101,1
174,102,1
174,104,1
174,106,1
174,109,2
174,112,1
174,115,1
174,123,1
174,128,1
174,141,3
174,146,3
174,148,1
174,149,3
175,3,1
175,4,7
175,6,1
175,13,1
175,17,2
175,19,1
175,22,1
175,23,1
175,27,1
175,28,8
175,31,10
175,35,1
175,39,2
175,40,5
175,42,1
175,43,1
175,46,1
175,48,1
175,55,1
175,56,2
175,57,1
175,60,1
175,68,9
175,72,1
175,75,1
175,77,1
175,83,1
175,86,1
175,87,1
175,89,1
175,95,1
175,97,1
175,98,15
175,100,1
175,101,1
175,104,1
175,108,1
175,110,1
175,114,1
175,115,1
175,116,1
175,119,9
175,120,1
175,121,2
175,122,1
175,125,1
175,129,1
175,136,1
175,141,1
175,147,8
176,12,1
176,17,1
176,19,1
176,22,1
176,25,1
176,34,1
176,35,1
176,36,1
176,39,2
176,43,1
176,44,1
176,45,7
176,48,6
176,56,1
176,57,1
176,58,1
176,63,5
176,64,1
176,68,1
176,69,1
176,75,1
176,79,1
176,85,1
176,86,1
176,90,4
176,93,2
176,98,1
176,100,2
176,105,1
176,111,1
176,114,1
176,115,4
176,116,1
176,118,1
176,119,1
176,125,1
176,127,1
176,132,5
176,136,1
176,138,1
176,140,1
176,145,2
177,1,1
177,5,2
177,6,1
177,8,2
177,12,1
177,16,1
177,17,1
177,18,1
177,19,1
177,20,1
177,24,1
177,29,1
177,38,1
177,39,1
177,43,1
177,45,1
177,46,1
177,51,1
177,52,1
177,53,1
177,59,1
177,60,1
177,63,1
177,69,12
177,72,1
177,75,1
177,77,1
177,80,1
177,81,1
177,82,1
177,85,1
177,87,2
177,88,6
177,90,2
177,92,1
177,93,3
177,95,1
177,96,12
177,97,1
177,99,1
177,104,9
177,106,1
177,107,1
177,108,1
177,110,12
177,111,1
177,113,1
177,114,7
177,119,1
177,127,2
177,130,2
177,132,1
177,133,1
177,135,1
177,140,11
177,141,1
177,144,1
177,146,8
177,149,1
178,4,1
178,21,1
178,24,5
178,27,1
178,28,1
178,30,1
178,31,1
178,34,4
178,35,1
178,36,1
178,37,1
178,50,6
178,52,1
178,54,2
178,79,1
178,87,2
178,90,1
178,91,1
178,96,4
178,97,7
178,98,1
178,109,1
178,114,1
178,115,1
178,121,1
178,123,1
178,126,1
178,128,6
178,139,1
178,140,1
178,142,3
178,149,1
178,150,1
179,5,1
179,11,2
179,17,1
179,21,2
179,23,1
179,26,1
179,28,1
179,34,1
179,35,6
179,37,6
179,41,1
179,43,5
179,47,6
179,48,1
179,49,1
179,50,1
179,52,1
179,58,1
179,59,2
179,60,1
179,64,1
179,68,2
179,69,7
179,73,7
179,87,1
179,102,1
179,103,1
179,106,1
179,107,1
179,111,1
179,112,1
179,116,1
179,119,1
179,125,1
179,126,4
179,131,1
179,132,1
179,133,1
179,136,1
179,145,1
179,147,8
180,1,1
180,7,1
180,8,1
180,9,1
180,15,1
180,18,9
180,22,1
180,27,1
180,28,1
180,30,1
180,33,1
180,34,1
180,36,12
180,39,1
180,40,2
180,41,1
180,42,10
180,43,1
180,45,2
180,48,2
180,49,1
180,50,2
180,54,1
180,61,1
180,62,2
180,65,1
180,71,2
180,75,2
180,80,1
180,83,1
180,85,11
180,89,11
180,93,2
180,97,1
180,100,3
180,101,9
180,104,1
180,105,1
180,107,1
180,109,13
180,112,1
180,113,1
180,114,6
180,116,1
180,118,1
180,119,1
180,122,1
180,123,2
180,127,1
180,129,1
180,130,1
180,131,1
180,133,1
180,135,1
180,139,1
180,140,2
180,143,3
180,146,1
181,5,1
181,8,2
181,14,1
181,34,1
181,45,1
181,48,2
181,52,1
181,61,1
181,63,1
181,65,1
181,67,1
181,72,1
181,73,1
181,74,4
181,76,5
181,79,1
181,82,3
181,90,1
181,95,1
181,100,1
181,101,1
181,105,5
181,116,1
181,117,1
181,125,1
181,126,8
181,136,4
181,138,1
181,149,4
181,150,1
182,1,1
182,6,1
182,11,1
182,14,12
182,18,1
182,19,1
182,21,4
182,24,2
182,30,1
182,32,1
182,33,1
182,37,1
182,38,1
182,41,1
182,42,4
182,45,1
182,46,1
182,47,1
182,54,3
182,55,1
182,56,1
182,58,2
182,59,1
182,62,1
182,64,2
182,71,1
182,74,9
182,78,1
182,81,1
182,82,1
182,88,2
182,91,1
182,94,1
182,95,2
182,96,1
182,98,1
182,101,6
182,109,1
182,111,2
182,114,1
182,116,11
182,117,2
182,123,1
182,129,1
182,130,2
182,131,10
182,136,2
182,137,1
182,139,1
182,140,12
182,141,1
182,144,2
182,145,1
183,1,1
183,7,1
183,9,1
183,14,1
183,19,1
183,20,1
183,21,1
183,41,1
183,45,1
183,49,2
183,50,1
183,54,1
183,57,1
183,61,1
183,65,6
183,66,1
183,69,1
183,75,1
183,80,1
183,88,1
183,89,3
183,97,1
183,102,1
183,103,3
183,111,1
183,119,1
183,120,5
183,126,1
183,133,1
183,134,1
183,135,1
183,137,1
183,140,4
183,147,1
183,150,1
184,5,1
184,6,1
184,7,1
184,8,1
184,16,2
184,20,1
184,22,14
184,23,1
184,25,1
184,33,7
184,37,1
184,50,1
184,52,1
184,54,2
184,56,2
184,57,2
184,58,2
184,59,1
184,60,1
184,62,1
184,64,1
184,67,12
184,72,1
184,74,1
184,75,9
184,77,1
184,80,1
184,82,1
184,85,10
184,88,1
184,90,2
184,91,1
184,93,11
184,95,1
184,96,5
184,98,1
184,99,1
184,102,1
184,110,1
184,116,1
184,117,2
184,119,1
184,122,1
184,124,1
184,125,1
184,129,1
184,134,2
184,138,1
184,139,1
184,141,7
184,147,1
184,150,1
185,8,1
185,9,1
185,12,1
185,18,1
185,25,1
185,26,1
185,30,1
185,34,1
185,35,1
185,40,2
185,43,7
185,45,3
185,49,1
185,57,2
185,58,1
185,59,1
185,65,1
185,67,1
185,73,8
185,75,1
185,77,1
185,79,1
185,80,1
185,81,1
185,83,2
185,86,6
185,91,1
185,93,2
185,94,1
185,97,1
185,100,2
185,105,1
185,109,1
185,113,1
185,114,1
185,116,6
185,117,2
185,123,1
185,126,1
185,131,1
185,134,8
185,135,1
185,138,1
185,139,10
185,142,1
185,143,9
185,144,1
185,148,1
185,149,1
186,2,1
186,6,1
186,21,1
186,25,1
186,26,3
186,31,1
186,33,1
186,35,1
186,39,1
186,41,1
186,48,1
186,55,6
186,59,6
186,61,9
186,69,1
186,77,1
186,79,1
186,83,1
186,89,1
186,93,2
186,101,8
186,108,1
186,109,1
186,111,3
186,115,3
186,117,1
186,122,1
186,123,1
186,127,1
186,129,1
186,137,1
186,144,2
186,146,7
187,1,1
187,4,2
187,8,1
187,10,1
187,15,1
187,17,1
187,19,6
187,20,1
187,21,8
187,25,1
187,39,1
187,40,1
187,42,1
187,46,1
187,47,1
187,48,8
187,51,1
187,54,1
187,64,1
187,67,1
187,78,1
187,79,1
187,80,1
187,84,1
187,86,1
187,88,7
187,94,1
187,95,1
187,96,1
187,97,1
187,105,9
187,107,3
187,108,4
187,111,9
187,113,1
187,115,1
187,118,1
187,119,1
187,120,1
187,126,1
187,127,1
187,130,1
187,131,1
187,134,1
187,135,1
187,137,1
187,139,1
187,141,1
188,1,2
188,5,1
188,6,1
188,11,2
188,15,1
188,21,1
188,24,1
188,25,1
188,26,2
188,30,1
188,31,1
188,35,2
188,38,1
188,40,2
188,47,7
188,48,1
188,49,2
188,50,1
188,51,1
188,52,1
188,58,1
188,61,1
188,63,1
188,64,1
188,67,6
188,72,10
188,77,1
188,83,1
188,85,1
188,86,1
188,88,1
188,90,7
188,93,1
188,97,1
188,98,2
188,101,1
188,103,1
188,113,1
188,117,1
188,120,11
188,125,1
188,127,9
188,128,1
188,130,9
188,132,12
188,145,1
188,147,1
189,3,1
189,7,1
189,14,7
189,16,2
189,18,1
189,20,1
189,21,9
189,27,2
189,29,1
189,32,1
189,33,1
189,35,1
189,37,1
189,39,1
189,40,1
189,48,3
189,50,5
189,53,1
189,54,1
189,58,1
189,61,5
189,66,1
189,68,2
189,69,2
189,71,1
189,72,1
189,76,1
189,81,1
189,84,1
189,86,10
189,90,1
189,92,2
189,94,1
189,95,1
189,98,1
189,101,1
189,105,1
189,108,1
189,110,1
189,114,1
189,120,6
189,122,10
189,123,1
189,128,1
189,129,11
189,130,1
189,132,1
189,146,1
189,148,1
189,150,1
190,5,1
190,6,5
190,7,1
190,13,1
190,22,1
190,25,1
190,27,1
190,33,1
190,36,1
190,38,5
190,41,5
190,48,1
190,54,1
190,57,1
190,61,4
190,64,1
190,75,3
190,76,5
190,80,1
190,83,1
190,87,1
190,88,5
190,101,1
190,109,1
190,117,1
190,120,1
190,123,1
190,127,1
190,134,7
190,141,1
191,2,1
191,5,1
191,16,1
191,18,5
191,23,5
191,30,1
191,34,1
191,37,1
191,43,1
191,47,1
191,50,1
191,56,1
191,58,1
191,61,5
191,74,1
191,77,1
191,81,1
191,82,1
191,84,1
191,97,1
191,102,6
191,103,1
191,104,1
191,105,1
191,108,1
191,109,5
191,112,1
191,113,1
191,114,2
191,127,4
191,130,1
191,145,7
191,146,5
191,148,1
192,3,1
192,6,1
192,10,5
192,15,1
192,16,3
192,18,9
192,19,1
192,23,1
192,24,1
192,36,1
192,39,1
192,42,1
192,44,1
192,45,1
192,47,2
192,49,1
192,52,1
192,58,9
192,62,2
192,65,1
192,67,1
192,68,2
192,71,1
192,73,1
192,78,1
192,79,1
192,82,1
192,83,10
192,85,2
192,88,1
192,89,1
192,90,8
192,92,1
192,93,9
192,97,1
192,100,1
192,103,1
192,107,1
192,109,7
192,110,1
192,111,1
192,115,1
192,121,2
192,122,1
192,128,1
192,131,1
192,132,1
192,133,1
192,137,1
192,138,1
192,141,1
192,147,9
193,1,1
193,7,1
193,18,1
193,23,2
193,25,1
193,30,1
193,37,2
193,39,1
193,43,5
193,45,2
193,47,1
193,49,5
193,50,2
193,51,1
193,52,7
193,56,1
193,58,1
193,59,1
193,61,1
193,62,5
193,63,1
193,77,1
193,80,1
193,86,1
193,88,1
193,89,1
193,102,1
193,106,1
193,112,1
193,114,5
193,115,1
193,119,7
193,121,1
193,123,4
193,127,1
193,132,1
193,133,1
193,140,1
193,145,1
193,146,1
193,149,1
194,8,1
194,9,1
194,15,9
194,18,1
194,20,1
194,21,1
194,34,1
194,37,1
194,42,1
194,45,1
194,52,1
194,58,7
194,59,4
194,61,1
194,62,2
194,70,1
194,75,1
194,77,2
194,78,1
194,93,1
194,95,2
194,96,1
194,100,1
194,103,1
194,107,1
194,116,1
194,117,4
194,127,1
194,130,1
194,131,9
194,132,1
194,135,6
194,136,1
194,140,4
194,143,1
194,144,1
194,146,1
195,3,1
195,6,1
195,7,1
195,8,1
195,15,2
195,16,1
195,18,1
195,20,2
195,22,1
195,29,1
195,31,1
195,32,1
195,33,1
195,34,1
195,35,2
195,38,1
195,43,1
195,44,1
195,45,1
195,48,3
195,49,12
195,57,1
195,58,1
195,60,1
195,61,8
195,63,2
195,66,1
195,68,1
195,71,1
195,73,1
195,75,1
195,78,1
195,79,2
195,83,10
195,90,1
195,92,1
195,93,10
195,95,1
195,96,2
195,98,2
195,99,2
195,106,11
195,112,11
195,115,10
195,117,1
195,118,1
195,119,1
195,121,1
195,123,1
195,126,1
195,127,1
195,129,1
195,131,1
195,133,2
195,135,1
195,142,1
195,145,10
195,146,1
195,147,1
195,149,2
196,7,9
196,9,1
196,11,1
196,13,11
196,16,2
196,19,1
196,20,2
196,22,1
196,27,1
196,28,1
196,30,1
196,31,1
196,38,9
196,43,2
196,44,1
196,46,2
196,48,1
196,55,1
196,56,1
196,60,10
196,63,1
196,64,12
196,68,3
196,70,1
196,71,1
196,77,1
196,80,1
196,86,1
196,87,1
196,88,1
196,91,1
196,94,1
196,102,1
196,104,3
196,105,1
196,107,1
196,109,14
196,110,1
196,113,1
196,118,2
196,121,1
196,129,1
196,131,1
196,133,1
196,134,2
196,135,9
196,136,1
196,139,7
196,146,1
196,148,1
197,4,1
197,5,1
197,17,9
197,18,8
197,19,7
197,27,1
197,31,8
197,37,6
197,38,1
197,46,1
197,48,2
197,50,1
197,51,1
197,54,9
197,56,1
197,61,2
197,64,1
197,65,1
197,75,1
197,76,1
197,84,1
197,85,1
197,88,1
197,89,2
197,93,1
197,94,1
197,95,5
197,98,1
197,100,1
197,102,1
197,104,1
197,106,1
197,107,1
197,117,1
197,118,4
197,123,1
197,124,1
197,125,1
197,129,2
197,131,1
197,134,1
197,144,1
197,147,3
197,148,1
197,149,1
198,15,1
198,16,5
198,17,2
198,20,1
198,21,1
198,28,1
198,31,5
198,34,1
198,35,3
198,37,1
198,38,1
198,42,1
198,43,1
198,45,1
198,55,1
198,67,2
198,70,2
198,78,5
198,82,1
198,84,1
198,89,1
198,96,1
198,98,1
198,100,1
198,101,1
198,107,8
198,110,2
198,114,1
198,116,4
198,127,4
198,130,1
198,132,1
198,143,1
198,145,8
198,148,1
199,6,1
199,7,1
199,8,1
199,9,1
199,11,2
199,13,1
199,15,6
199,22,1
199,23,1
199,26,2
199,28,1
199,31,1
199,33,7
199,36,1
199,38,1
199,39,1
199,41,1
199,50,1
199,52,7
199,59,1
199,61,1
199,63,1
199,66,5
199,68,1
199,69,1
199,70,1
199,73,1
199,75,1
199,76,6
199,77,1
199,88,1
199,89,1
199,92,1
199,93,1
199,95,1
199,107,1
199,110,1
199,111,1
199,112,2
199,114,1
199,115,1
199,117,1
199,119,1
199,120,1
199,123,1
199,127,1
199,134,1
199,135,3
199,138,10
199,141,1
199,143,1
199,146,1
199,148,1
199,150,5
200,7,2
200,8,8
200,9,1
200,16,4
200,18,1
200,20,2
200,30,1
200,35,1
200,36,1
200,37,1
200,41,5
200,45,1
200,47,1
200,48,1
200,49,1
200,55,1
200,60,1
200,76,1
200,78,6
200,84,1
200,90,1
200,94,2
200,110,1
200,115,1
200,117,1
200,120,1
200,121,4
200,126,1
200,128,1
200,130,6
200,131,1
200,134,1
200,136,1
200,141,1
200,143,7
200,144,5
200,148,1
