order_id,user_id,order_number
1,1,1
2,1,2
3,1,3
4,1,4
5,1,5
6,1,6
7,1,7
8,1,8
9,1,9
10,1,10
11,1,11
12,1,12
13,1,13
14,2,1
15,2,2
16,2,3
17,2,4
18,2,5
19,2,6
20,2,7
21,2,8
22,2,9
23,2,10
24,2,11
25,2,12
26,2,13
27,2,14
28,2,15
29,2,16
30,3,1
31,3,2
32,3,3
33,3,4
34,3,5
35,3,6
36,3,7
37,3,8
38,3,9
39,3,10
40,3,11
41,3,12
42,3,13
43,3,14
44,3,15
45,3,16
46,3,17
47,3,18
48,3,19
49,3,20
50,3,21
51,3,22
52,4,1
53,4,2
54,4,3
55,4,4
56,4,5
57,4,6
58,4,7
59,4,8
60,4,9
61,4,10
62,4,11
63,5,1
64,5,2
65,5,3
66,5,4
67,5,5
68,5,6
69,5,7
70,5,8
71,5,9
72,5,10
73,5,11
74,5,12
75,5,13
76,5,14
77,5,15
78,5,16
79,5,17
80,5,18
81,5,19
82,5,20
83,6,1
84,6,2
85,6,3
86,6,4
87,6,5
88,6,6
89,6,7
90,6,8
91,6,9
92,6,10
93,6,11
94,6,12
95,7,1
96,7,2
97,7,3
98,7,4
99,7,5
100,7,6
101,7,7
102,7,8
103,7,9
104,7,10
105,7,11
106,7,12
107,7,13
108,7,14
109,7,15
110,7,16
111,7,17
112,7,18
113,7,19
114,7,20
115,7,21
116,8,1
117,8,2
118,8,3
119,8,4
120,8,5
121,8,6
122,8,7
123,8,8
124,8,9
125,8,10
126,8,11
127,8,12
128,8,13
129,8,14
130,8,15
131,8,16
132,8,17
133,8,18
134,8,19
135,8,20
136,8,21
137,8,22
138,8,23
139,9,1
140,9,2
141,9,3
142,9,4
143,9,5
144,9,6
145,9,7
146,9,8
147,9,9
148,9,10
149,9,11
150,9,12
151,9,13
152,9,14
153,9,15
154,9,16
155,9,17
156,9,18
157,9,19
158,10,1
159,10,2
160,10,3
161,10,4
162,10,5
163,10,6
164,10,7
165,10,8
166,10,9
167,10,10
168,10,11
169,10,12
170,10,13
171,10,14
172,10,15
173,10,16
174,10,17
175,10,18
176,10,19
177,10,20
178,10,21
179,10,22
180,10,23
181,10,24
182,11,1
183,11,2
184,11,3
185,11,4
186,11,5
187,11,6
188,11,7
189,11,8
190,11,9
191,11,10
192,11,11
193,11,12
194,11,13
195,12,1
196,12,2
197,12,3
198,12,4
199,12,5
200,12,6
201,12,7
202,12,8
203,12,9
204,12,10
205,12,11
206,12,12
207,12,13
208,12,14
209,12,15
210,12,16
211,12,17
212,12,18
213,12,19
214,12,20
215,12,21
216,12,22
217,12,23
218,13,1
219,13,2
220,13,3
221,13,4
222,13,5
223,13,6
224,13,7
225,13,8
226,13,9
227,13,10
228,13,11
229,13,12
230,13,13
231,13,14
232,13,15
233,13,16
234,13,17
235,13,18
236,13,19
237,13,20
238,14,1
239,14,2
240,14,3
241,14,4
242,14,5
243,14,6
244,14,7
245,14,8
246,14,9
247,14,10
248,14,11
249,14,12
250,14,13
251,14,14
252,14,15
253,14,16
254,15,1
255,15,2
256,15,3
257,15,4
258,15,5
259,15,6
260,15,7
261,15,8
262,15,9
263,15,10
264,15,11
265,15,12
266,15,13
267,15,14
268,15,15
269,15,16
270,15,17
271,15,18
272,15,19
273,16,1
274,16,2
275,16,3
276,16,4
277,16,5
278,16,6
279,16,7
280,16,8
281,16,9
282,16,10
283,16,11
284,16,12
285,16,13
286,16,14
287,16,15
288,16,16
289,16,17
290,16,18
291,17,1
292,17,2
293,17,3
294,17,4
295,17,5
296,17,6
297,17,7
298,17,8
299,17,9
300,17,10
301,17,11
302,17,12
303,17,13
304,17,14
305,17,15
306,17,16
307,17,17
308,17,18
309,17,19
310,17,20
311,17,21
312,17,22
313,18,1
314,18,2
315,18,3
316,18,4
317,18,5
318,18,6
319,18,7
320,18,8
321,18,9
322,18,10
323,19,1
324,19,2
325,19,3
326,19,4
327,19,5
328,19,6
329,19,7
330,19,8
331,19,9
332,19,10
333,20,1
334,20,2
335,20,3
336,20,4
337,20,5
338,20,6
339,20,7
340,20,8
341,20,9
342,20,10
343,20,11
344,20,12
345,20,13
346,20,14
347,20,15
348,20,16
349,20,17
350,20,18
351,20,19
352,20,20
353,21,1
354,21,2
355,21,3
356,21,4
357,21,5
358,21,6
359,21,7
360,21,8
361,21,9
362,21,10
363,22,1
364,22,2
365,22,3
366,22,4
367,22,5
368,22,6
369,22,7
370,22,8
371,22,9
372,22,10
373,22,11
374,22,12
375,22,13
376,22,14
377,22,15
378,22,16
379,23,1
380,23,2
381,23,3
382,23,4
383,23,5
384,23,6
385,23,7
386,23,8
387,23,9
388,23,10
389,23,11
390,23,12
391,23,13
392,23,14
393,23,15
394,24,1
395,24,2
396,24,3
397,24,4
398,24,5
399,24,6
400,24,7
401,24,8
402,24,9
403,24,10
404,24,11
405,24,12
406,24,13
407,24,14
408,24,15
409,24,16
410,24,17
411,24,18
412,24,19
413,25,1
414,25,2
415,25,3
416,25,4
417,25,5
418,25,6
419,25,7
420,25,8
421,25,9
422,25,10
423,25,11
424,25,12
425,25,13
426,25,14
427,25,15
428,25,16
429,25,17
430,25,18
431,25,19
432,25,20
433,25,21
434,25,22
435,25,23
436,25,24
437,25,25
438,26,1
439,26,2
440,26,3
441,26,4
442,26,5
443,26,6
444,26,7
445,26,8
446,26,9
447,26,10
448,26,11
449,26,12
450,26,13
451,26,14
452,27,1
453,27,2
454,27,3
455,27,4
456,27,5
457,27,6
458,27,7
459,27,8
460,27,9
461,27,10
462,27,11
463,27,12
464,27,13
465,27,14
466,28,1
467,28,2
468,28,3
469,28,4
470,28,5
471,28,6
472,28,7
473,28,8
474,28,9
475,28,10
476,28,11
477,28,12
478,28,13
479,28,14
480,28,15
481,28,16
482,28,17
483,28,18
484,28,19
485,28,20
486,28,21
487,29,1
488,29,2
489,29,3
490,29,4
491,29,5
492,29,6
493,29,7
494,29,8
495,29,9
496,29,10
497,29,11
498,29,12
499,29,13
500,29,14
501,29,15
502,29,16
503,29,17
504,29,18
505,30,1
506,30,2
507,30,3
508,30,4
509,30,5
510,30,6
511,30,7
512,30,8
513,30,9
514,30,10
515,30,11
516,30,12
517,30,13
518,30,14
519,30,15
520,30,16
521,30,17
522,30,18
523,30,19
524,30,20
525,30,21
526,30,22
527,30,23
528,30,24
529,30,25
530,31,1
531,31,2
532,31,3
533,31,4
534,31,5
535,31,6
536,31,7
537,31,8
538,31,9
539,31,10
540,31,11
541,31,12
542,31,13
543,31,14
544,31,15
545,31,16
546,31,17
547,31,18
548,31,19
549,31,20
550,32,1
551,32,2
552,32,3
553,32,4
554,32,5
555,32,6
556,32,7
557,32,8
558,32,9
559,32,10
560,32,11
561,32,12
562,32,13
563,32,14
564,32,15
565,32,16
566,32,17
567,32,18
568,32,19
569,32,20
570,32,21
571,32,22
572,32,23
573,32,24
574,32,25
575,33,1
576,33,2
577,33,3
578,33,4
579,33,5
580,33,6
581,33,7
582,33,8
583,33,9
584,33,10
585,33,11
586,34,1
587,34,2
588,34,3
589,34,4
590,34,5
591,34,6
592,34,7
593,34,8
594,34,9
595,34,10
596,34,11
597,34,12
598,35,1
599,35,2
600,35,3
601,35,4
602,35,5
603,35,6
604,35,7
605,35,8
606,35,9
607,35,10
608,35,11
609,35,12
610,35,13
611,35,14
612,35,15
613,35,16
614,35,17
615,35,18
616,35,19
617,35,20
618,35,21
619,35,22
620,35,23
621,35,24
622,35,25
623,36,1
624,36,2
625,36,3
626,36,4
627,36,5
628,36,6
629,36,7
630,36,8
631,36,9
632,36,10
633,36,11
634,36,12
635,36,13
636,36,14
637,36,15
638,36,16
639,36,17
640,36,18
641,36,19
642,36,20
643,37,1
644,37,2
645,37,3
646,37,4
647,37,5
648,37,6
649,37,7
650,37,8
651,37,9
652,37,10
653,37,11
654,38,1
655,38,2
656,38,3
657,38,4
658,38,5
659,38,6
660,38,7
661,38,8
662,38,9
663,38,10
664,38,11
665,38,12
666,38,13
667,38,14
668,38,15
669,38,16
670,38,17
671,38,18
672,38,19
673,38,20
674,38,21
675,38,22
676,38,23
677,39,1
678,39,2
679,39,3
680,39,4
681,39,5
682,39,6
683,39,7
684,39,8
685,39,9
686,39,10
687,39,11
688,39,12
689,39,13
690,39,14
691,39,15
692,39,16
693,39,17
694,39,18
695,39,19
696,39,20
697,39,21
698,39,22
699,39,23
700,40,1
701,40,2
702,40,3
703,40,4
704,40,5
705,40,6
706,40,7
707,40,8
708,40,9
709,40,10
710,40,11
711,40,12
712,40,13
713,40,14
714,40,15
715,40,16
716,40,17
717,40,18
718,40,19
719,41,1
720,41,2
721,41,3
722,41,4
723,41,5
724,41,6
725,41,7
726,41,8
727,41,9
728,41,10
729,42,1
730,42,2
731,42,3
732,42,4
733,42,5
734,42,6
735,42,7
736,42,8
737,42,9
738,42,10
739,42,11
740,42,12
741,42,13
742,42,14
743,42,15
744,42,16
745,42,17
746,42,18
747,42,19
748,42,20
749,42,21
750,42,22
751,42,23
752,43,1
753,43,2
754,43,3
755,43,4
756,43,5
757,43,6
758,43,7
759,43,8
760,43,9
761,43,10
762,44,1
763,44,2
764,44,3
765,44,4
766,44,5
767,44,6
768,44,7
769,44,8
770,44,9
771,44,10
772,44,11
773,45,1
774,45,2
775,45,3
776,45,4
777,45,5
778,45,6
779,45,7
780,45,8
781,45,9
782,45,10
783,45,11
784,45,12
785,45,13
786,45,14
787,45,15
788,45,16
789,45,17
790,45,18
791,46,1
792,46,2
793,46,3
794,46,4
795,46,5
796,46,6
797,46,7
798,46,8
799,46,9
800,46,10
801,46,11
802,46,12
803,46,13
804,46,14
805,46,15
806,46,16
807,47,1
808,47,2
809,47,3
810,47,4
811,47,5
812,47,6
813,47,7
814,47,8
815,47,9
816,47,10
817,47,11
818,47,12
819,47,13
820,47,14
821,47,15
822,47,16
823,47,17
824,48,1
825,48,2
826,48,3
827,48,4
828,48,5
829,48,6
830,48,7
831,48,8
832,48,9
833,48,10
834,49,1
835,49,2
836,49,3
837,49,4
838,49,5
839,49,6
840,49,7
841,49,8
842,49,9
843,49,10
844,49,11
845,49,12
846,49,13
847,49,14
848,49,15
849,49,16
850,49,17
851,49,18
852,50,1
853,50,2
854,50,3
855,50,4
856,50,5
857,50,6
858,50,7
859,50,8
860,50,9
861,50,10
862,50,11
863,50,12
864,50,13
865,50,14
866,51,1
867,51,2
868,51,3
869,51,4
870,51,5
871,51,6
872,51,7
873,51,8
874,51,9
875,51,10
876,51,11
877,51,12
878,51,13
879,51,14
880,51,15
881,51,16
882,51,17
883,51,18
884,51,19
885,51,20
886,51,21
887,51,22
888,51,23
889,52,1
890,52,2
891,52,3
892,52,4
893,52,5
894,52,6
895,52,7
896,52,8
897,52,9
898,52,10
899,52,11
900,52,12
901,52,13
902,52,14
903,52,15
904,52,16
905,52,17
906,52,18
907,52,19
908,52,20
909,52,21
910,52,22
911,52,23
912,52,24
913,53,1
914,53,2
915,53,3
916,53,4
917,53,5
918,53,6
919,53,7
920,53,8
921,53,9
922,53,10
923,53,11
924,53,12
925,53,13
926,53,14
927,53,15
928,53,16
929,53,17
930,53,18
931,53,19
932,53,20
933,53,21
934,53,22
935,53,23
936,54,1
937,54,2
938,54,3
939,54,4
940,54,5
941,54,6
942,54,7
943,54,8
944,54,9
945,54,10
946,55,1
947,55,2
948,55,3
949,55,4
950,55,5
951,55,6
952,55,7
953,55,8
954,55,9
955,55,10
956,55,11
957,55,12
958,55,13
959,55,14
960,55,15
961,55,16
962,55,17
963,55,18
964,55,19
965,55,20
966,55,21
967,55,22
968,55,23
969,55,24
970,55,25
971,56,1
972,56,2
973,56,3
974,56,4
975,56,5
976,56,6
977,56,7
978,56,8
979,56,9
980,56,10
981,56,11
982,56,12
983,56,13
984,56,14
985,56,15
986,57,1
987,57,2
988,57,3
989,57,4
990,57,5
991,57,6
992,57,7
993,57,8
994,57,9
995,57,10
996,57,11
997,57,12
998,57,13
999,57,14
1000,57,15
1001,57,16
1002,58,1
1003,58,2
1004,58,3
1005,58,4
1006,58,5
1007,58,6
1008,58,7
1009,58,8
1010,58,9
1011,58,10
1012,58,11
1013,58,12
1014,58,13
1015,58,14
1016,58,15
1017,58,16
1018,58,17
1019,58,18
1020,58,19
1021,58,20
1022,59,1
1023,59,2
1024,59,3
1025,59,4
1026,59,5
1027,59,6
1028,59,7
1029,59,8
1030,59,9
1031,59,10
1032,59,11
1033,59,12
1034,59,13
1035,59,14
1036,59,15
1037,59,16
1038,59,17
1039,59,18
1040,59,19
1041,59,20
1042,59,21
1043,59,22
1044,59,23
1045,59,24
1046,59,25
1047,60,1
1048,60,2
1049,60,3
1050,60,4
1051,60,5
1052,60,6
1053,60,7
1054,60,8
1055,60,9
1056,60,10
1057,60,11
1058,60,12
1059,60,13
1060,60,14
1061,60,15
1062,60,16
1063,60,17
1064,60,18
1065,60,19
1066,60,20
1067,60,21
1068,60,22
1069,60,23
1070,61,1
1071,61,2
1072,61,3
1073,61,4
1074,61,5
1075,61,6
1076,61,7
1077,61,8
1078,61,9
1079,61,10
1080,61,11
1081,61,12
1082,61,13
1083,61,14
1084,61,15
1085,61,16
1086,62,1
1087,62,2
1088,62,3
1089,62,4
1090,62,5
1091,62,6
1092,62,7
1093,62,8
1094,62,9
1095,62,10
1096,63,1
1097,63,2
1098,63,3
1099,63,4
1100,63,5
1101,63,6
1102,63,7
1103,63,8
1104,63,9
1105,63,10
1106,63,11
1107,63,12
1108,63,13
1109,63,14
1110,63,15
1111,63,16
1112,63,17
1113,63,18
1114,63,19
1115,64,1
1116,64,2
1117,64,3
1118,64,4
1119,64,5
1120,64,6
1121,64,7
1122,64,8
1123,64,9
1124,64,10
1125,64,11
1126,64,12
1127,64,13
1128,64,14
1129,64,15
1130,64,16
1131,64,17
1132,64,18
1133,64,19
1134,64,20
1135,64,21
1136,64,22
1137,64,23
1138,64,24
1139,65,1
1140,65,2
1141,65,3
1142,65,4
1143,65,5
1144,65,6
1145,65,7
1146,65,8
1147,65,9
1148,65,10
1149,65,11
1150,65,12
1151,65,13
1152,65,14
1153,66,1
1154,66,2
1155,66,3
1156,66,4
1157,66,5
1158,66,6
1159,66,7
1160,66,8
1161,66,9
1162,66,10
1163,66,11
1164,67,1
1165,67,2
1166,67,3
1167,67,4
1168,67,5
1169,67,6
1170,67,7
1171,67,8
1172,67,9
1173,67,10
1174,67,11
1175,67,12
1176,67,13
1177,67,14
1178,67,15
1179,67,16
1180,67,17
1181,67,18
1182,67,19
1183,67,20
1184,67,21
1185,67,22
1186,68,1
1187,68,2
1188,68,3
1189,68,4
1190,68,5
1191,68,6
1192,68,7
1193,68,8
1194,68,9
1195,68,10
1196,68,11
1197,68,12
1198,68,13
1199,68,14
1200,68,15
1201,68,16
1202,68,17
1203,68,18
1204,68,19
1205,68,20
1206,68,21
1207,68,22
1208,69,1
1209,69,2
1210,69,3
1211,69,4
1212,69,5
1213,69,6
1214,69,7
1215,69,8
1216,69,9
1217,69,10
1218,69,11
1219,69,12
1220,69,13
1221,69,14
1222,69,15
1223,69,16
1224,69,17
1225,69,18
1226,69,19
1227,69,20
1228,69,21
1229,69,22
1230,69,23
1231,70,1
1232,70,2
1233,70,3
1234,70,4
1235,70,5
1236,70,6
1237,70,7
1238,70,8
1239,70,9
1240,70,10
1241,70,11
1242,70,12
1243,70,13
1244,70,14
1245,70,15
1246,70,16
1247,70,17
1248,70,18
1249,70,19
1250,70,20
1251,70,21
1252,70,22
1253,70,23
1254,70,24
1255,70,25
1256,71,1
1257,71,2
1258,71,3
1259,71,4
1260,71,5
1261,71,6
1262,71,7
1263,71,8
1264,71,9
1265,71,10
1266,71,11
1267,71,12
1268,71,13
1269,72,1
1270,72,2
1271,72,3
1272,72,4
1273,72,5
1274,72,6
1275,72,7
1276,72,8
1277,72,9
1278,72,10
1279,72,11
1280,72,12
1281,72,13
1282,72,14
1283,72,15
1284,72,16
1285,72,17
1286,72,18
1287,72,19
1288,72,20
1289,72,21
1290,72,22
1291,72,23
1292,72,24
1293,73,1
1294,73,2
1295,73,3
1296,73,4
1297,73,5
1298,73,6
1299,73,7
1300,73,8
1301,73,9
1302,73,10
1303,73,11
1304,73,12
1305,73,13
1306,73,14
1307,73,15
1308,73,16
1309,73,17
1310,73,18
1311,73,19
1312,73,20
1313,73,21
1314,73,22
1315,74,1
1316,74,2
1317,74,3
1318,74,4
1319,74,5
1320,74,6
1321,74,7
1322,74,8
1323,74,9
1324,74,10
1325,74,11
1326,74,12
1327,74,13
1328,74,14
1329,74,15
1330,74,16
1331,74,17
1332,74,18
1333,74,19
1334,74,20
1335,75,1
1336,75,2
1337,75,3
1338,75,4
1339,75,5
1340,75,6
1341,75,7
1342,75,8
1343,75,9
1344,75,10
1345,75,11
1346,75,12
1347,75,13
1348,75,14
1349,75,15
1350,75,16
1351,75,17
1352,75,18
1353,75,19
1354,75,20
1355,75,21
1356,76,1
1357,76,2
1358,76,3
1359,76,4
1360,76,5
1361,76,6
1362,76,7
1363,76,8
1364,76,9
1365,76,10
1366,76,11
1367,76,12
1368,76,13
1369,76,14
1370,76,15
1371,77,1
1372,77,2
1373,77,3
1374,77,4
1375,77,5
1376,77,6
1377,77,7
1378,77,8
1379,77,9
1380,77,10
1381,77,11
1382,77,12
1383,77,13
1384,77,14
1385,77,15
1386,77,16
1387,77,17
1388,77,18
1389,77,19
1390,77,20
1391,77,21
1392,77,22
1393,77,23
1394,78,1
1395,78,2
1396,78,3
1397,78,4
1398,78,5
1399,78,6
1400,78,7
1401,78,8
1402,78,9
1403,78,10
1404,78,11
1405,78,12
1406,78,13
1407,78,14
1408,78,15
1409,78,16
1410,79,1
1411,79,2
1412,79,3
1413,79,4
1414,79,5
1415,79,6
1416,79,7
1417,79,8
1418,79,9
1419,79,10
1420,79,11
1421,79,12
1422,79,13
1423,79,14
1424,79,15
1425,79,16
1426,79,17
1427,79,18
1428,79,19
1429,79,20
1430,79,21
1431,79,22
1432,80,1
1433,80,2
1434,80,3
1435,80,4
1436,80,5
1437,80,6
1438,80,7
1439,80,8
1440,80,9
1441,80,10
1442,80,11
1443,80,12
1444,80,13
1445,80,14
1446,80,15
1447,80,16
1448,80,17
1449,80,18
1450,80,19
1451,80,20
1452,80,21
1453,81,1
1454,81,2
1455,81,3
1456,81,4
1457,81,5
1458,81,6
1459,81,7
1460,81,8
1461,81,9
1462,81,10
1463,81,11
1464,81,12
1465,82,1
1466,82,2
1467,82,3
1468,82,4
1469,82,5
1470,82,6
1471,82,7
1472,82,8
1473,82,9
1474,82,10
1475,82,11
1476,82,12
1477,82,13
1478,82,14
1479,82,15
1480,82,16
1481,82,17
1482,82,18
1483,82,19
1484,82,20
1485,82,21
1486,82,22
1487,82,23
1488,83,1
1489,83,2
1490,83,3
1491,83,4
1492,83,5
1493,83,6
1494,83,7
1495,83,8
1496,83,9
1497,83,10
1498,83,11
1499,83,12
1500,83,13
1501,83,14
1502,83,15
1503,83,16
1504,83,17
1505,83,18
1506,83,19
1507,83,20
1508,83,21
1509,83,22
1510,83,23
1511,84,1
1512,84,2
1513,84,3
1514,84,4
1515,84,5
1516,84,6
1517,84,7
1518,84,8
1519,84,9
1520,84,10
1521,85,1
1522,85,2
1523,85,3
1524,85,4
1525,85,5
1526,85,6
1527,85,7
1528,85,8
1529,85,9
1530,85,10
1531,85,11
1532,85,12
1533,85,13
1534,85,14
1535,85,15
1536,85,16
1537,85,17
1538,85,18
1539,85,19
1540,85,20
1541,85,21
1542,86,1
1543,86,2
1544,86,3
1545,86,4
1546,86,5
1547,86,6
1548,86,7
1549,86,8
1550,86,9
1551,86,10
1552,86,11
1553,86,12
1554,86,13
1555,86,14
1556,86,15
1557,86,16
1558,86,17
1559,86,18
1560,86,19
1561,86,20
1562,86,21
1563,86,22
1564,86,23
1565,86,24
1566,87,1
1567,87,2
1568,87,3
1569,87,4
1570,87,5
1571,87,6
1572,87,7
1573,87,8
1574,87,9
1575,87,10
1576,87,11
1577,87,12
1578,87,13
1579,87,14
1580,87,15
1581,87,16
1582,87,17
1583,87,18
1584,87,19
1585,87,20
1586,87,21
1587,88,1
1588,88,2
1589,88,3
1590,88,4
1591,88,5
1592,88,6
1593,88,7
1594,88,8
1595,88,9
1596,88,10
1597,88,11
1598,88,12
1599,88,13
1600,88,14
1601,88,15
1602,88,16
1603,88,17
1604,89,1
1605,89,2
1606,89,3
1607,89,4
1608,89,5
1609,89,6
1610,89,7
1611,89,8
1612,89,9
1613,89,10
1614,89,11
1615,89,12
1616,89,13
1617,89,14
1618,90,1
1619,90,2
1620,90,3
1621,90,4
1622,90,5
1623,90,6
1624,90,7
1625,90,8
1626,90,9
1627,90,10
1628,90,11
1629,90,12
1630,90,13
1631,90,14
1632,90,15
1633,91,1
1634,91,2
1635,91,3
1636,91,4
1637,91,5
1638,91,6
1639,91,7
1640,91,8
1641,91,9
1642,91,10
1643,91,11
1644,91,12
1645,91,13
1646,91,14
1647,91,15
1648,91,16
1649,91,17
1650,91,18
1651,91,19
1652,91,20
1653,92,1
1654,92,2
1655,92,3
1656,92,4
1657,92,5
1658,92,6
1659,92,7
1660,92,8
1661,92,9
1662,92,10
1663,92,11
1664,92,12
1665,92,13
1666,92,14
1667,92,15
1668,92,16
1669,92,17
1670,92,18
1671,92,19
1672,92,20
1673,92,21
1674,93,1
1675,93,2
1676,93,3
1677,93,4
1678,93,5
1679,93,6
1680,93,7
1681,93,8
1682,93,9
1683,93,10
1684,93,11
1685,93,12
1686,93,13
1687,93,14
1688,93,15
1689,94,1
1690,94,2
1691,94,3
1692,94,4
1693,94,5
1694,94,6
1695,94,7
1696,94,8
1697,94,9
1698,94,10
1699,95,1
1700,95,2
1701,95,3
1702,95,4
1703,95,5
1704,95,6
1705,95,7
1706,95,8
1707,95,9
1708,95,10
1709,95,11
1710,95,12
1711,95,13
1712,95,14
1713,95,15
1714,95,16
1715,95,17
1716,95,18
1717,95,19
1718,95,20
1719,96,1
1720,96,2
1721,96,3
1722,96,4
1723,96,5
1724,96,6
1725,96,7
1726,96,8
1727,96,9
1728,96,10
1729,96,11
1730,96,12
1731,96,13
1732,96,14
1733,96,15
1734,96,16
1735,96,17
1736,96,18
1737,96,19
1738,96,20
1739,96,21
1740,96,22
1741,96,23
1742,96,24
1743,96,25
1744,97,1
1745,97,2
1746,97,3
1747,97,4
1748,97,5
1749,97,6
1750,97,7
1751,97,8
1752,97,9
1753,97,10
1754,97,11
1755,97,12
1756,98,1
1757,98,2
1758,98,3
1759,98,4
1760,98,5
1761,98,6
1762,98,7
1763,98,8
1764,98,9
1765,98,10
1766,98,11
1767,98,12
1768,98,13
1769,98,14
1770,98,15
1771,98,16
1772,99,1
1773,99,2
1774,99,3
1775,99,4
1776,99,5
1777,99,6
1778,99,7
1779,99,8
1780,99,9
1781,99,10
1782,99,11
1783,99,12
1784,99,13
1785,99,14
1786,99,15
1787,99,16
1788,99,17
1789,99,18
1790,99,19
1791,99,20
1792,100,1
1793,100,2
1794,100,3
1795,100,4
1796,100,5
1797,100,6
1798,100,7
1799,100,8
1800,100,9
1801,100,10
1802,100,11
1803,100,12
1804,100,13
1805,100,14
1806,100,15
1807,100,16
1808,100,17
1809,100,18
1810,101,1
1811,101,2
1812,101,3
1813,101,4
1814,101,5
1815,101,6
1816,101,7
1817,101,8
1818,101,9
1819,101,10
1820,101,11
1821,101,12
1822,101,13
1823,101,14
1824,101,15
1825,101,16
1826,101,17
1827,101,18
1828,101,19
1829,101,20
1830,102,1
1831,102,2
1832,102,3
1833,102,4
1834,102,5
1835,102,6
1836,102,7
1837,102,8
1838,102,9
1839,102,10
1840,102,11
1841,102,12
1842,102,13
1843,102,14
1844,102,15
1845,102,16
1846,102,17
1847,102,18
1848,102,19
1849,102,20
1850,102,21
1851,102,22
1852,102,23
1853,102,24
1854,102,25
1855,103,1
1856,103,2
1857,103,3
1858,103,4
1859,103,5
1860,103,6
1861,103,7
1862,103,8
1863,103,9
1864,103,10
1865,103,11
1866,103,12
1867,103,13
1868,103,14
1869,103,15
1870,103,16
1871,103,17
1872,103,18
1873,103,19
1874,104,1
1875,104,2
1876,104,3
1877,104,4
1878,104,5
1879,104,6
1880,104,7
1881,104,8
1882,104,9
1883,104,10
1884,104,11
1885,104,12
1886,104,13
1887,104,14
1888,104,15
1889,104,16
1890,104,17
1891,105,1
1892,105,2
1893,105,3
1894,105,4
1895,105,5
1896,105,6
1897,105,7
1898,105,8
1899,105,9
1900,105,10
1901,105,11
1902,105,12
1903,105,13
1904,105,14
1905,105,15
1906,105,16
1907,105,17
1908,105,18
1909,105,19
1910,105,20
1911,105,21
1912,105,22
1913,105,23
1914,106,1
1915,106,2
1916,106,3
1917,106,4
1918,106,5
1919,106,6
1920,106,7
1921,106,8
1922,106,9
1923,106,10
1924,106,11
1925,106,12
1926,106,13
1927,106,14
1928,106,15
1929,106,16
1930,106,17
1931,106,18
1932,106,19
1933,107,1
1934,107,2
1935,107,3
1936,107,4
1937,107,5
1938,107,6
1939,107,7
1940,107,8
1941,107,9
1942,107,10
1943,107,11
1944,107,12
1945,107,13
1946,107,14
1947,107,15
1948,107,16
1949,107,17
1950,107,18
1951,107,19
1952,107,20
1953,107,21
1954,107,22
1955,107,23
1956,107,24
1957,107,25
1958,108,1
1959,108,2
1960,108,3
1961,108,4
1962,108,5
1963,108,6
1964,108,7
1965,108,8
1966,108,9
1967,108,10
1968,108,11
1969,108,12
1970,108,13
1971,108,14
1972,108,15
1973,108,16
1974,108,17
1975,108,18
1976,108,19
1977,108,20
1978,108,21
1979,109,1
1980,109,2
1981,109,3
1982,109,4
1983,109,5
1984,109,6
1985,109,7
1986,109,8
1987,109,9
1988,109,10
1989,109,11
1990,109,12
1991,109,13
1992,109,14
1993,109,15
1994,109,16
1995,109,17
1996,109,18
1997,109,19
1998,109,20
1999,109,21
2000,109,22
2001,109,23
2002,109,24
2003,109,25
2004,110,1
2005,110,2
2006,110,3
2007,110,4
2008,110,5
2009,110,6
2010,110,7
2011,110,8
2012,110,9
2013,110,10
2014,110,11
2015,110,12
2016,111,1
2017,111,2
2018,111,3
2019,111,4
2020,111,5
2021,111,6
2022,111,7
2023,111,8
2024,111,9
2025,111,10
2026,112,1
2027,112,2
2028,112,3
2029,112,4
2030,112,5
2031,112,6
2032,112,7
2033,112,8
2034,112,9
2035,112,10
2036,113,1
2037,113,2
2038,113,3
2039,113,4
2040,113,5
2041,113,6
2042,113,7
2043,113,8
2044,113,9
2045,113,10
2046,113,11
2047,113,12
2048,113,13
2049,113,14
2050,113,15
2051,113,16
2052,113,17
2053,113,18
2054,113,19
2055,113,20
2056,114,1
2057,114,2
2058,114,3
2059,114,4
2060,114,5
2061,114,6
2062,114,7
2063,114,8
2064,114,9
2065,114,10
2066,114,11
2067,114,12
2068,114,13
2069,114,14
2070,114,15
2071,114,16
2072,114,17
2073,114,18
2074,114,19
2075,114,20
2076,114,21
2077,114,22
2078,114,23
2079,114,24
2080,115,1
2081,115,2
2082,115,3
2083,115,4
2084,115,5
2085,115,6
2086,115,7
2087,115,8
2088,115,9
2089,115,10
2090,115,11
2091,115,12
2092,115,13
2093,115,14
2094,115,15
2095,115,16
2096,115,17
2097,115,18
2098,115,19
2099,115,20
2100,115,21
2101,115,22
2102,115,23
2103,116,1
2104,116,2
2105,116,3
2106,116,4
2107,116,5
2108,116,6
2109,116,7
2110,116,8
2111,116,9
2112,116,10
2113,116,11
2114,116,12
2115,116,13
2116,116,14
2117,116,15
2118,117,1
2119,117,2
2120,117,3
2121,117,4
2122,117,5
2123,117,6
2124,117,7
2125,117,8
2126,117,9
2127,117,10
2128,117,11
2129,118,1
2130,118,2
2131,118,3
2132,118,4
2133,118,5
2134,118,6
2135,118,7
2136,118,8
2137,118,9
2138,118,10
2139,118,11
2140,118,12
2141,118,13
2142,118,14
2143,118,15
2144,118,16
2145,118,17
2146,118,18
2147,118,19
2148,118,20
2149,119,1
2150,119,2
2151,119,3
2152,119,4
2153,119,5
2154,119,6
2155,119,7
2156,119,8
2157,119,9
2158,119,10
2159,119,11
2160,119,12
2161,119,13
2162,119,14
2163,119,15
2164,119,16
2165,119,17
2166,119,18
2167,119,19
2168,119,20
2169,120,1
2170,120,2
2171,120,3
2172,120,4
2173,120,5
2174,120,6
2175,120,7
2176,120,8
2177,120,9
2178,120,10
2179,120,11
2180,120,12
2181,121,1
2182,121,2
2183,121,3
2184,121,4
2185,121,5
2186,121,6
2187,121,7
2188,121,8
2189,121,9
2190,121,10
2191,121,11
2192,121,12
2193,121,13
2194,121,14
2195,121,15
2196,121,16
2197,121,17
2198,121,18
2199,121,19
2200,121,20
2201,121,21
2202,121,22
2203,121,23
2204,122,1
2205,122,2
2206,122,3
2207,122,4
2208,122,5
2209,122,6
2210,122,7
2211,122,8
2212,122,9
2213,122,10
2214,123,1
2215,123,2
2216,123,3
2217,123,4
2218,123,5
2219,123,6
2220,123,7
2221,123,8
2222,123,9
2223,123,10
2224,123,11
2225,123,12
2226,123,13
2227,123,14
2228,123,15
2229,123,16
2230,123,17
2231,124,1
2232,124,2
2233,124,3
2234,124,4
2235,124,5
2236,124,6
2237,124,7
2238,124,8
2239,124,9
2240,124,10
2241,124,11
2242,124,12
2243,124,13
2244,124,14
2245,124,15
2246,124,16
2247,124,17
2248,124,18
2249,124,19
2250,124,20
2251,124,21
2252,124,22
2253,124,23
2254,124,24
2255,124,25
2256,125,1
2257,125,2
2258,125,3
2259,125,4
2260,125,5
2261,125,6
2262,125,7
2263,125,8
2264,125,9
2265,125,10
2266,125,11
2267,125,12
2268,125,13
2269,125,14
2270,126,1
2271,126,2
2272,126,3
2273,126,4
2274,126,5
2275,126,6
2276,126,7
2277,126,8
2278,126,9
2279,126,10
2280,126,11
2281,126,12
2282,126,13
2283,126,14
2284,126,15
2285,126,16
2286,126,17
2287,126,18
2288,126,19
2289,126,20
2290,126,21
2291,126,22
2292,126,23
2293,127,1
2294,127,2
2295,127,3
2296,127,4
2297,127,5
2298,127,6
2299,127,7
2300,127,8
2301,127,9
2302,127,10
2303,127,11
2304,127,12
2305,127,13
2306,127,14
2307,127,15
2308,127,16
2309,128,1
2310,128,2
2311,128,3
2312,128,4
2313,128,5
2314,128,6
2315,128,7
2316,128,8
2317,128,9
2318,128,10
2319,128,11
2320,128,12
2321,128,13
2322,129,1
2323,129,2
2324,129,3
2325,129,4
2326,129,5
2327,129,6
2328,129,7
2329,129,8
2330,129,9
2331,129,10
2332,129,11
2333,129,12
2334,129,13
2335,129,14
2336,129,15
2337,129,16
2338,129,17
2339,129,18
2340,129,19
2341,130,1
2342,130,2
2343,130,3
2344,130,4
2345,130,5
2346,130,6
2347,130,7
2348,130,8
2349,130,9
2350,130,10
2351,130,11
2352,130,12
2353,130,13
2354,130,14
2355,130,15
2356,130,16
2357,130,17
2358,130,18
2359,130,19
2360,130,20
2361,131,1
2362,131,2
2363,131,3
2364,131,4
2365,131,5
2366,131,6
2367,131,7
2368,131,8
2369,131,9
2370,131,10
2371,131,11
2372,131,12
2373,131,13
2374,131,14
2375,131,15
2376,131,16
2377,131,17
2378,131,18
2379,131,19
2380,131,20
2381,131,21
2382,131,22
2383,131,23
2384,131,24
2385,132,1
2386,132,2
2387,132,3
2388,132,4
2389,132,5
2390,132,6
2391,132,7
2392,132,8
2393,132,9
2394,132,10
2395,132,11
2396,132,12
2397,132,13
2398,132,14
2399,132,15
2400,132,16
2401,132,17
2402,132,18
2403,133,1
2404,133,2
2405,133,3
2406,133,4
2407,133,5
2408,133,6
2409,133,7
2410,133,8
2411,133,9
2412,133,10
2413,133,11
2414,133,12
2415,134,1
2416,134,2
2417,134,3
2418,134,4
2419,134,5
2420,134,6
2421,134,7
2422,134,8
2423,134,9
2424,134,10
2425,134,11
2426,134,12
2427,134,13
2428,134,14
2429,134,15
2430,134,16
2431,134,17
2432,134,18
2433,134,19
2434,135,1
2435,135,2
2436,135,3
2437,135,4
2438,135,5
2439,135,6
2440,135,7
2441,135,8
2442,135,9
2443,135,10
2444,135,11
2445,135,12
2446,135,13
2447,135,14
2448,135,15
2449,135,16
2450,135,17
2451,135,18
2452,135,19
2453,135,20
2454,135,21
2455,135,22
2456,135,23
2457,135,24
2458,135,25
2459,136,1
2460,136,2
2461,136,3
2462,136,4
2463,136,5
2464,136,6
2465,136,7
2466,136,8
2467,136,9
2468,136,10
2469,136,11
2470,136,12
2471,136,13
2472,136,14
2473,137,1
2474,137,2
2475,137,3
2476,137,4
2477,137,5
2478,137,6
2479,137,7
2480,137,8
2481,137,9
2482,137,10
2483,137,11
2484,137,12
2485,137,13
2486,138,1
2487,138,2
2488,138,3
2489,138,4
2490,138,5
2491,138,6
2492,138,7
2493,138,8
2494,138,9
2495,138,10
2496,138,11
2497,138,12
2498,138,13
2499,139,1
2500,139,2
2501,139,3
2502,139,4
2503,139,5
2504,139,6
2505,139,7
2506,139,8
2507,139,9
2508,139,10
2509,139,11
2510,139,12
2511,139,13
2512,139,14
2513,139,15
2514,139,16
2515,139,17
2516,139,18
2517,140,1
2518,140,2
2519,140,3
2520,140,4
2521,140,5
2522,140,6
2523,140,7
2524,140,8
2525,140,9
2526,140,10
2527,140,11
2528,140,12
2529,140,13
2530,140,14
2531,140,15
2532,140,16
2533,140,17
2534,140,18
2535,140,19
2536,141,1
2537,141,2
2538,141,3
2539,141,4
2540,141,5
2541,141,6
2542,141,7
2543,141,8
2544,141,9
2545,141,10
2546,141,11
2547,141,12
2548,141,13
2549,141,14
2550,141,15
2551,141,16
2552,141,17
2553,141,18
2554,141,19
2555,141,20
2556,142,1
2557,142,2
2558,142,3
2559,142,4
2560,142,5
2561,142,6
2562,142,7
2563,142,8
2564,142,9
2565,142,10
2566,143,1
2567,143,2
2568,143,3
2569,143,4
2570,143,5
2571,143,6
2572,143,7
2573,143,8
2574,143,9
2575,143,10
2576,143,11
2577,143,12
2578,143,13
2579,143,14
2580,143,15
2581,143,16
2582,143,17
2583,143,18
2584,143,19
2585,143,20
2586,143,21
2587,143,22
2588,143,23
2589,144,1
2590,144,2
2591,144,3
2592,144,4
2593,144,5
2594,144,6
2595,144,7
2596,144,8
2597,144,9
2598,144,10
2599,144,11
2600,144,12
2601,144,13
2602,144,14
2603,144,15
2604,144,16
2605,145,1
2606,145,2
2607,145,3
2608,145,4
2609,145,5
2610,145,6
2611,145,7
2612,145,8
2613,145,9
2614,145,10
2615,145,11
2616,145,12
2617,145,13
2618,145,14
2619,145,15
2620,145,16
2621,145,17
2622,146,1
2623,146,2
2624,146,3
2625,146,4
2626,146,5
2627,146,6
2628,146,7
2629,146,8
2630,146,9
2631,146,10
2632,146,11
2633,146,12
2634,146,13
2635,146,14
2636,146,15
2637,146,16
2638,146,17
2639,146,18
2640,146,19
2641,147,1
2642,147,2
2643,147,3
2644,147,4
2645,147,5
2646,147,6
2647,147,7
2648,147,8
2649,147,9
2650,147,10
2651,148,1
2652,148,2
2653,148,3
2654,148,4
2655,148,5
2656,148,6
2657,148,7
2658,148,8
2659,148,9
2660,148,10
2661,148,11
2662,148,12
2663,148,13
2664,148,14
2665,148,15
2666,148,16
2667,148,17
2668,148,18
2669,148,19
2670,148,20
2671,149,1
2672,149,2
2673,149,3
2674,149,4
2675,149,5
2676,149,6
2677,149,7
2678,149,8
2679,149,9
2680,149,10
2681,149,11
2682,150,1
2683,150,2
2684,150,3
2685,150,4
2686,150,5
2687,150,6
2688,150,7
2689,150,8
2690,150,9
2691,150,10
2692,150,11
2693,150,12
2694,150,13
2695,150,14
2696,150,15
2697,150,16
2698,150,17
2699,150,18
2700,151,1
2701,151,2
2702,151,3
2703,151,4
2704,151,5
2705,151,6
2706,151,7
2707,151,8
2708,151,9
2709,151,10
2710,151,11
2711,151,12
2712,151,13
2713,151,14
2714,151,15
2715,151,16
2716,151,17
2717,151,18
2718,151,19
2719,151,20
2720,151,21
2721,151,22
2722,152,1
2723,152,2
2724,152,3
2725,152,4
2726,152,5
2727,152,6
2728,152,7
2729,152,8
2730,152,9
2731,152,10
2732,152,11
2733,152,12
2734,152,13
2735,152,14
2736,152,15
2737,152,16
2738,152,17
2739,152,18
2740,152,19
2741,152,20
2742,152,21
2743,152,22
2744,152,23
2745,152,24
2746,152,25
2747,153,1
2748,153,2
2749,153,3
2750,153,4
2751,153,5
2752,153,6
2753,153,7
2754,153,8
2755,153,9
2756,153,10
2757,153,11
2758,153,12
2759,153,13
2760,153,14
2761,153,15
2762,153,16
2763,153,17
2764,153,18
2765,153,19
2766,153,20
2767,153,21
2768,154,1
2769,154,2
2770,154,3
2771,154,4
2772,154,5
2773,154,6
2774,154,7
2775,154,8
2776,154,9
2777,154,10
2778,154,11
2779,154,12
2780,154,13
2781,155,1
2782,155,2
2783,155,3
2784,155,4
2785,155,5
2786,155,6
2787,155,7
2788,155,8
2789,155,9
2790,155,10
2791,155,11
2792,155,12
2793,155,13
2794,155,14
2795,155,15
2796,155,16
2797,155,17
2798,156,1
2799,156,2
2800,156,3
2801,156,4
2802,156,5
2803,156,6
2804,156,7
2805,156,8
2806,156,9
2807,156,10
2808,156,11
2809,156,12
2810,156,13
2811,156,14
2812,156,15
2813,156,16
2814,156,17
2815,156,18
2816,156,19
2817,156,20
2818,156,21
2819,156,22
2820,156,23
2821,156,24
2822,156,25
2823,157,1
2824,157,2
2825,157,3
2826,157,4
2827,157,5
2828,157,6
2829,157,7
2830,157,8
2831,157,9
2832,157,10
2833,157,11
2834,157,12
2835,157,13
2836,157,14
2837,157,15
2838,157,16
2839,157,17
2840,157,18
2841,157,19
2842,157,20
2843,158,1
2844,158,2
2845,158,3
2846,158,4
2847,158,5
2848,158,6
2849,158,7
2850,158,8
2851,158,9
2852,158,10
2853,158,11
2854,158,12
2855,158,13
2856,158,14
2857,158,15
2858,158,16
2859,158,17
2860,158,18
2861,158,19
2862,159,1
2863,159,2
2864,159,3
2865,159,4
2866,159,5
2867,159,6
2868,159,7
2869,159,8
2870,159,9
2871,159,10
2872,159,11
2873,159,12
2874,159,13
2875,159,14
2876,159,15
2877,159,16
2878,160,1
2879,160,2
2880,160,3
2881,160,4
2882,160,5
2883,160,6
2884,160,7
2885,160,8
2886,160,9
2887,160,10
2888,160,11
2889,160,12
2890,160,13
2891,161,1
2892,161,2
2893,161,3
2894,161,4
2895,161,5
2896,161,6
2897,161,7
2898,161,8
2899,161,9
2900,161,10
2901,161,11
2902,161,12
2903,161,13
2904,161,14
2905,161,15
2906,162,1
2907,162,2
2908,162,3
2909,162,4
2910,162,5
2911,162,6
2912,162,7
2913,162,8
2914,162,9
2915,162,10
2916,162,11
2917,162,12
2918,162,13
2919,163,1
2920,163,2
2921,163,3
2922,163,4
2923,163,5
2924,163,6
2925,163,7
2926,163,8
2927,163,9
2928,163,10
2929,163,11
2930,163,12
2931,163,13
2932,163,14
2933,163,15
2934,164,1
2935,164,2
2936,164,3
2937,164,4
2938,164,5
2939,164,6
2940,164,7
2941,164,8
2942,164,9
2943,164,10
2944,164,11
2945,164,12
2946,164,13
2947,164,14
2948,165,1
2949,165,2
2950,165,3
2951,165,4
2952,165,5
2953,165,6
2954,165,7
2955,165,8
2956,165,9
2957,165,10
2958,165,11
2959,165,12
2960,165,13
2961,165,14
2962,165,15
2963,165,16
2964,165,17
2965,165,18
2966,165,19
2967,165,20
2968,165,21
2969,165,22
2970,165,23
2971,165,24
2972,166,1
2973,166,2
2974,166,3
2975,166,4
2976,166,5
2977,166,6
2978,166,7
2979,166,8
2980,166,9
2981,166,10
2982,166,11
2983,166,12
2984,166,13
2985,166,14
2986,166,15
2987,166,16
2988,166,17
2989,166,18
2990,166,19
2991,166,20
2992,166,21
2993,166,22
2994,166,23
2995,166,24
2996,166,25
2997,167,1
2998,167,2
2999,167,3
3000,167,4
3001,167,5
3002,167,6
3003,167,7
3004,167,8
3005,167,9
3006,167,10
3007,167,11
3008,167,12
3009,167,13
3010,167,14
3011,167,15
3012,168,1
3013,168,2
3014,168,3
3015,168,4
3016,168,5
3017,168,6
3018,168,7
3019,168,8
3020,168,9
3021,168,10
3022,168,11
3023,168,12
3024,168,13
3025,169,1
3026,169,2
3027,169,3
3028,169,4
3029,169,5
3030,169,6
3031,169,7
3032,169,8
3033,169,9
3034,169,10
3035,169,11
3036,169,12
3037,169,13
3038,169,14
3039,169,15
3040,169,16
3041,169,17
3042,170,1
3043,170,2
3044,170,3
3045,170,4
3046,170,5
3047,170,6
3048,170,7
3049,170,8
3050,170,9
3051,170,10
3052,171,1
3053,171,2
3054,171,3
3055,171,4
3056,171,5
3057,171,6
3058,171,7
3059,171,8
3060,171,9
3061,171,10
3062,171,11
3063,171,12
3064,171,13
3065,171,14
3066,171,15
3067,171,16
3068,171,17
3069,171,18
3070,171,19
3071,171,20
3072,171,21
3073,171,22
3074,171,23
3075,172,1
3076,172,2
3077,172,3
3078,172,4
3079,172,5
3080,172,6
3081,172,7
3082,172,8
3083,172,9
3084,172,10
3085,172,11
3086,172,12
3087,172,13
3088,172,14
3089,172,15
3090,172,16
3091,172,17
3092,172,18
3093,172,19
3094,172,20
3095,173,1
3096,173,2
3097,173,3
3098,173,4
3099,173,5
3100,173,6
3101,173,7
3102,173,8
3103,173,9
3104,173,10
3105,174,1
3106,174,2
3107,174,3
3108,174,4
3109,174,5
3110,174,6
3111,174,7
3112,174,8
3113,174,9
3114,174,10
3115,174,11
3116,175,1
3117,175,2
3118,175,3
3119,175,4
3120,175,5
3121,175,6
3122,175,7
3123,175,8
3124,175,9
3125,175,10
3126,175,11
3127,175,12
3128,175,13
3129,175,14
3130,175,15
3131,175,16
3132,175,17
3133,175,18
3134,175,19
3135,175,20
3136,176,1
3137,176,2
3138,176,3
3139,176,4
3140,176,5
3141,176,6
3142,176,7
3143,176,8
3144,176,9
3145,176,10
3146,176,11
3147,176,12
3148,176,13
3149,177,1
3150,177,2
3151,177,3
3152,177,4
3153,177,5
3154,177,6
3155,177,7
3156,177,8
3157,177,9
3158,177,10
3159,177,11
3160,177,12
3161,177,13
3162,177,14
3163,177,15
3164,177,16
3165,177,17
3166,177,18
3167,177,19
3168,177,20
3169,177,21
3170,177,22
3171,177,23
3172,177,24
3173,177,25
3174,178,1
3175,178,2
3176,178,3
3177,178,4
3178,178,5
3179,178,6
3180,178,7
3181,178,8
3182,178,9
3183,178,10
3184,178,11
3185,178,12
3186,179,1
3187,179,2
3188,179,3
3189,179,4
3190,179,5
3191,179,6
3192,179,7
3193,179,8
3194,179,9
3195,179,10
3196,179,11
3197,179,12
3198,179,13
3199,180,1
3200,180,2
3201,180,3
3202,180,4
3203,180,5
3204,180,6
3205,180,7
3206,180,8
3207,180,9
3208,180,10
3209,180,11
3210,180,12
3211,180,13
3212,180,14
3213,180,15
3214,180,16
3215,180,17
3216,180,18
3217,180,19
3218,180,20
3219,180,21
3220,180,22
3221,180,23
3222,180,24
3223,180,25
3224,181,1
3225,181,2
3226,181,3
3227,181,4
3228,181,5
3229,181,6
3230,181,7
3231,181,8
3232,181,9
3233,181,10
3234,181,11
3235,182,1
3236,182,2
3237,182,3
3238,182,4
3239,182,5
3240,182,6
3241,182,7
3242,182,8
3243,182,9
3244,182,10
3245,182,11
3246,182,12
3247,182,13
3248,182,14
3249,182,15
3250,182,16
3251,182,17
3252,182,18
3253,182,19
3254,182,20
3255,182,21
3256,182,22
3257,182,23
3258,182,24
3259,182,25
3260,183,1
3261,183,2
3262,183,3
3263,183,4
3264,183,5
3265,183,6
3266,183,7
3267,183,8
3268,183,9
3269,183,10
3270,184,1
3271,184,2
3272,184,3
3273,184,4
3274,184,5
3275,184,6
3276,184,7
3277,184,8
3278,184,9
3279,184,10
3280,184,11
3281,184,12
3282,184,13
3283,184,14
3284,184,15
3285,184,16
3286,184,17
3287,184,18
3288,184,19
3289,184,20
3290,184,21
3291,184,22
3292,185,1
3293,185,2
3294,185,3
3295,185,4
3296,185,5
3297,185,6
3298,185,7
3299,185,8
3300,185,9
3301,185,10
3302,185,11
3303,185,12
3304,185,13
3305,185,14
3306,185,15
3307,185,16
3308,185,17
3309,185,18
3310,186,1
3311,186,2
3312,186,3
3313,186,4
3314,186,5
3315,186,6
3316,186,7
3317,186,8
3318,186,9
3319,186,10
3320,186,11
3321,186,12
3322,186,13
3323,187,1
3324,187,2
3325,187,3
3326,187,4
3327,187,5
3328,187,6
3329,187,7
3330,187,8
3331,187,9
3332,187,10
3333,187,11
3334,187,12
3335,187,13
3336,187,14
3337,187,15
3338,187,16
3339,187,17
3340,188,1
3341,188,2
3342,188,3
3343,188,4
3344,188,5
3345,188,6
3346,188,7
3347,188,8
3348,188,9
3349,188,10
3350,188,11
3351,188,12
3352,188,13
3353,188,14
3354,188,15
3355,188,16
3356,188,17
3357,188,18
3358,188,19
3359,188,20
3360,188,21
3361,189,1
3362,189,2
3363,189,3
3364,189,4
3365,189,5
3366,189,6
3367,189,7
3368,189,8
3369,189,9
3370,189,10
3371,189,11
3372,189,12
3373,189,13
3374,189,14
3375,189,15
3376,189,16
3377,189,17
3378,189,18
3379,189,19
3380,189,20
3381,189,21
3382,189,22
3383,190,1
3384,190,2
3385,190,3
3386,190,4
3387,190,5
3388,190,6
3389,190,7
3390,190,8
3391,190,9
3392,190,10
3393,190,11
3394,191,1
3395,191,2
3396,191,3
3397,191,4
3398,191,5
3399,191,6
3400,191,7
3401,191,8
3402,191,9
3403,191,10
3404,191,11
3405,192,1
3406,192,2
3407,192,3
3408,192,4
3409,192,5
3410,192,6
3411,192,7
3412,192,8
3413,192,9
3414,192,10
3415,192,11
3416,192,12
3417,192,13
3418,192,14
3419,192,15
3420,192,16
3421,192,17
3422,192,18
3423,192,19
3424,193,1
3425,193,2
3426,193,3
3427,193,4
3428,193,5
3429,193,6
3430,193,7
3431,193,8
3432,193,9
3433,193,10
3434,193,11
3435,193,12
3436,193,13
3437,194,1
3438,194,2
3439,194,3
3440,194,4
3441,194,5
3442,194,6
3443,194,7
3444,194,8
3445,194,9
3446,194,10
3447,194,11
3448,194,12
3449,194,13
3450,194,14
3451,195,1
3452,195,2
3453,195,3
3454,195,4
3455,195,5
3456,195,6
3457,195,7
3458,195,8
3459,195,9
3460,195,10
3461,195,11
3462,195,12
3463,195,13
3464,195,14
3465,195,15
3466,195,16
3467,195,17
3468,195,18
3469,195,19
3470,195,20
3471,195,21
3472,195,22
3473,195,23
3474,196,1
3475,196,2
3476,196,3
3477,196,4
3478,196,5
3479,196,6
3480,196,7
3481,196,8
3482,196,9
3483,196,10
3484,196,11
3485,196,12
3486,196,13
3487,196,14
3488,196,15
3489,196,16
3490,196,17
3491,196,18
3492,196,19
3493,196,20
3494,196,21
3495,196,22
3496,196,23
3497,196,24
3498,197,1
3499,197,2
3500,197,3
3501,197,4
3502,197,5
3503,197,6
3504,197,7
3505,197,8
3506,197,9
3507,197,10
3508,197,11
3509,197,12
3510,197,13
3511,197,14
3512,197,15
3513,197,16
3514,197,17
3515,197,18
3516,197,19
3517,197,20
3518,198,1
3519,198,2
3520,198,3
3521,198,4
3522,198,5
3523,198,6
3524,198,7
3525,198,8
3526,198,9
3527,198,10
3528,198,11
3529,198,12
3530,198,13
3531,199,1
3532,199,2
3533,199,3
3534,199,4
3535,199,5
3536,199,6
3537,199,7
3538,199,8
3539,199,9
3540,199,10
3541,199,11
3542,199,12
3543,199,13
3544,199,14
3545,199,15
3546,199,16
3547,200,1
3548,200,2
3549,200,3
3550,200,4
3551,200,5
3552,200,6
3553,200,7
3554,200,8
3555,200,9
3556,200,10
3557,200,11
3558,200,12
3559,200,13
3560,200,14
3561,200,15
3562,200,16
3563,200,17
